Date,Open,High,Low,Close
1999-06-07,676.75,684.2,672.9,676.65
1999-06-08,676.65,694.7,669.15,692.55
1999-06-09,692.55,696.65,688.85,689.55
1999-06-10,689.6,696.7,689.6,691.6
1999-06-11,691.7,691.8,677.5,678.95
1999-06-14,678.8,678.8,655.7,663.7
1999-06-15,663.8,668.75,652.5,654.05
1999-06-16,654.15,663.2,648.0,662.15
1999-06-17,662.4,669.8,662.4,665.65
1999-06-18,665.65,668.8,662.45,664.15
1999-06-21,664.2,677.85,664.2,677.6
1999-06-22,677.5,688.55,677.5,688.5
1999-06-23,688.55,696.6,688.55,690.15
1999-06-24,690.35,690.75,680.45,684.1
1999-06-25,684.7,689.75,680.35,682.25
1999-06-28,682.6,693.3,682.6,691.8
1999-06-29,691.85,696.15,688.7,693.45
1999-06-30,693.65,695.15,686.95,692.15
1999-07-01,691.8,695.05,683.5,685.5
1999-07-02,685.55,692.05,685.55,690.55
1999-07-05,690.95,711.1,690.95,710.4
1999-07-06,710.5,721.3,710.5,720.75
1999-07-07,720.9,733.05,720.9,726.35
1999-07-08,726.3,730.9,724.0,727.6
1999-07-09,727.7,743.2,727.7,741.65
1999-07-12,741.7,773.45,741.7,772.3
1999-07-13,772.45,780.5,760.7,763.6
1999-07-14,766.5,779.45,766.5,779.25
1999-07-15,776.6,783.7,756.5,759.3
1999-07-16,759.35,766.0,753.8,764.2
1999-07-19,764.3,786.55,764.3,783.3
1999-07-20,783.25,785.6,764.1,768.85
1999-07-21,769.0,796.0,766.95,793.65
1999-07-22,794.15,810.35,790.0,793.9
1999-07-23,793.95,796.1,785.4,789.2
1999-07-26,789.7,789.7,781.9,784.85
1999-07-27,785.25,785.85,771.45,777.8
1999-07-28,778.05,796.55,778.05,791.05
1999-07-29,791.3,793.85,781.05,783.55
1999-07-30,783.55,783.7,773.85,778.1
1999-08-02,778.15,778.15,761.8,764.45
1999-08-03,764.5,765.0,758.45,765.0
1999-08-04,765.25,792.6,765.25,791.7
1999-08-05,791.9,802.2,787.8,790.85
1999-08-06,791.1,800.85,790.05,800.25
1999-08-09,800.6,814.7,800.55,811.55
1999-08-10,810.65,813.95,801.3,813.95
1999-08-11,812.0,830.55,807.55,823.25
1999-08-12,823.3,835.2,823.3,828.0
1999-08-13,828.15,833.75,825.6,827.95
1999-08-16,827.6,851.15,827.6,848.75
1999-08-17,848.85,871.3,848.85,871.0
1999-08-18,871.35,902.4,871.35,894.55
1999-08-19,895.1,906.5,871.6,874.95
1999-08-20,875.15,888.45,866.8,888.4
1999-08-23,888.7,911.8,888.7,909.25
1999-08-24,909.85,917.55,908.65,917.45
1999-08-25,917.75,932.65,882.65,901.05
1999-08-26,901.15,920.4,901.15,916.7
1999-08-27,916.8,927.85,916.8,922.65
1999-08-30,922.7,930.0,915.1,915.3
1999-08-31,915.55,916.95,903.15,907.75
1999-09-01,907.7,919.6,898.05,902.45
1999-09-02,901.2,901.3,880.8,881.9
1999-09-03,880.75,889.55,879.6,882.6
1999-09-06,882.6,895.15,882.25,894.65
1999-09-07,895.35,904.1,895.35,897.95
1999-09-08,898.25,920.1,898.25,914.55
1999-09-09,914.75,922.85,911.55,913.0
1999-09-10,912.85,916.5,907.15,912.1
1999-09-14,912.3,920.7,909.25,913.75
1999-09-15,913.9,927.9,913.9,914.2
1999-09-16,914.2,917.55,898.7,901.95
1999-09-17,901.85,914.4,892.7,912.05
1999-09-20,912.3,922.05,909.15,909.65
1999-09-21,909.65,912.15,899.95,905.45
1999-09-22,905.3,937.4,905.3,930.85
1999-09-23,931.0,948.7,931.0,946.55
1999-09-24,946.4,956.25,945.5,953.5
1999-09-27,956.1,967.4,942.9,943.25
1999-09-28,942.8,942.8,925.45,934.55
1999-09-29,935.0,966.0,935.0,963.6
1999-09-30,963.85,974.8,950.8,952.5
1999-10-01,951.8,952.8,927.1,939.4
1999-10-04,939.6,942.25,912.55,912.85
1999-10-05,912.35,915.8,899.95,915.75
1999-10-06,916.1,950.25,915.85,933.1
1999-10-07,933.45,979.75,933.45,978.25
1999-10-08,978.3,999.8,978.3,994.85
1999-10-11,995.2,1016.85,995.2,1002.3
1999-10-12,1002.6,1015.9,998.8,1013.6
1999-10-13,1013.7,1041.05,1006.8,1032.9
1999-10-14,1033.45,1057.5,1033.45,1037.2
1999-10-15,1037.15,1041.55,989.4,990.2
1999-10-18,990.2,1007.05,978.95,998.3
1999-10-20,998.75,1044.65,998.75,1036.7
1999-10-21,1036.35,1049.9,1009.7,1011.2
1999-10-22,1011.1,1011.1,988.55,1005.6
1999-10-23,1005.5,1015.65,1004.45,1015.6
1999-10-25,1015.6,1016.65,975.2,979.55
1999-10-26,979.3,979.3,960.8,976.6
1999-10-27,976.55,991.35,962.9,968.0
1999-10-28,967.25,967.25,929.3,930.6
1999-10-29,930.85,933.05,881.6,894.7
1999-11-01,894.85,897.0,839.15,840.6
1999-11-02,840.6,878.85,804.9,878.85
1999-11-03,879.1,894.25,854.25,864.5
1999-11-04,864.55,872.8,853.4,872.25
1999-11-05,872.6,894.75,872.6,892.05
1999-11-07,892.05,909.4,892.05,901.5
1999-11-09,901.65,912.85,886.8,912.8
1999-11-10,913.45,939.3,913.45,937.2
1999-11-11,937.75,941.45,922.5,922.75
1999-11-12,922.9,925.8,914.2,925.6
1999-11-15,925.8,930.15,921.4,922.7
1999-11-16,921.6,922.35,914.6,921.45
1999-11-17,921.35,935.35,912.75,913.1
1999-11-18,913.8,915.1,896.55,907.05
1999-11-19,907.2,916.8,907.2,912.25
1999-11-22,912.5,919.55,908.05,919.4
1999-11-24,919.6,947.5,919.6,935.85
1999-11-25,935.8,946.35,934.85,942.4
1999-11-26,942.55,956.6,942.55,954.75
1999-11-29,954.85,974.95,954.85,973.05
1999-11-30,973.1,986.75,973.1,986.55
1999-12-01,999.15,1013.55,990.2,990.25
1999-12-02,990.95,1011.4,990.85,1006.3
1999-12-03,1006.8,1025.25,1006.8,1020.2
1999-12-06,1020.4,1056.85,1020.4,1056.8
1999-12-07,1056.9,1085.7,1056.9,1081.5
1999-12-08,1082.15,1114.0,1055.7,1070.55
1999-12-09,1071.55,1085.3,1063.0,1085.0
1999-12-10,1085.2,1099.65,1085.2,1094.5
1999-12-13,1095.6,1116.75,1093.75,1098.25
1999-12-14,1098.65,1107.4,1089.25,1092.5
1999-12-15,1091.55,1096.6,1070.35,1085.55
1999-12-16,1086.55,1120.35,1086.55,1118.15
1999-12-17,1118.45,1146.15,1118.45,1135.75
1999-12-20,1136.3,1172.5,1136.3,1166.95
1999-12-21,1166.5,1184.15,1155.4,1159.25
1999-12-22,1160.3,1203.2,1160.3,1194.6
1999-12-23,1195.2,1200.55,1173.95,1173.95
1999-12-24,1174.6,1175.15,1132.45,1137.6
1999-12-27,1138.2,1139.0,1092.4,1093.55
1999-12-28,1092.8,1113.7,1088.65,1111.05
1999-12-29,1112.4,1137.65,1112.4,1134.45
1999-12-30,1134.6,1150.8,1134.6,1141.4
2000-01-03,1144.2,1216.3,1144.2,1216.1
2000-01-04,1218.1,1249.6,1218.1,1248.65
2000-01-05,1248.3,1252.0,1206.5,1215.5
2000-01-06,1234.9,1241.25,1222.05,1236.45
2000-01-07,1236.2,1236.2,1195.1,1198.45
2000-01-10,1199.35,1227.1,1199.35,1209.8
2000-01-11,1211.3,1218.4,1142.7,1159.05
2000-01-12,1160.0,1196.45,1160.0,1190.85
2000-01-13,1190.0,1212.85,1185.7,1187.45
2000-01-14,1188.1,1196.6,1165.05,1178.1
2000-01-17,1178.2,1203.9,1178.2,1192.6
2000-01-18,1194.65,1198.55,1176.15,1183.6
2000-01-19,1184.35,1224.1,1184.35,1215.85
2000-01-20,1215.95,1239.95,1212.7,1213.45
2000-01-21,1213.95,1233.0,1213.0,1232.7
2000-01-24,1233.0,1249.55,1224.9,1226.75
2000-01-25,1226.85,1231.25,1207.25,1231.25
2000-01-27,1232.15,1267.45,1232.15,1247.15
2000-01-28,1246.75,1272.0,1245.8,1268.9
2000-01-31,1268.5,1277.8,1236.2,1237.85
2000-02-01,1238.2,1263.2,1238.2,1262.9
2000-02-02,1265.7,1312.2,1265.7,1301.25
2000-02-03,1301.6,1322.2,1296.1,1300.9
2000-02-04,1301.4,1321.7,1299.5,1303.85
2000-02-07,1304.15,1310.35,1293.0,1297.1
2000-02-08,1298.35,1309.05,1283.3,1288.0
2000-02-09,1290.05,1330.75,1290.05,1304.7
2000-02-10,1303.65,1327.05,1302.0,1324.8
2000-02-11,1325.15,1350.85,1315.6,1318.05
2000-02-14,1318.5,1326.8,1279.7,1280.3
2000-02-15,1278.8,1284.85,1261.75,1267.3
2000-02-16,1268.55,1309.45,1268.55,1298.15
2000-02-17,1298.7,1342.35,1298.7,1341.45
2000-02-18,1342.3,1374.35,1340.25,1352.55
2000-02-21,1352.65,1376.0,1351.75,1373.15
2000-02-22,1373.5,1385.55,1356.5,1364.6
2000-02-23,1368.9,1427.05,1335.1,1338.9
2000-02-24,1339.2,1376.15,1329.15,1355.4
2000-02-25,1356.55,1380.1,1321.4,1334.05
2000-02-28,1335.1,1348.4,1301.1,1340.8
2000-02-29,1341.6,1385.8,1271.0,1273.9
2000-03-01,1275.35,1347.5,1275.15,1343.1
2000-03-02,1345.5,1401.85,1345.5,1369.1
2000-03-03,1367.65,1400.15,1334.65,1349.0
2000-03-06,1349.5,1387.0,1343.6,1355.15
2000-03-07,1356.2,1377.95,1343.55,1351.35
2000-03-08,1358.35,1383.25,1330.45,1335.25
2000-03-09,1336.9,1361.35,1279.6,1298.8
2000-03-10,1299.3,1316.8,1253.05,1262.35
2000-03-13,1262.65,1275.8,1211.2,1217.1
2000-03-14,1216.6,1216.6,1167.85,1190.7
2000-03-15,1190.95,1243.3,1166.6,1231.55
2000-03-16,1231.8,1241.65,1192.5,1195.6
2000-03-21,1195.65,1201.05,1163.2,1184.1
2000-03-22,1187.3,1235.1,1184.5,1214.85
2000-03-23,1215.3,1242.5,1182.15,1197.75
2000-03-24,1198.2,1211.65,1184.0,1211.2
2000-03-27,1211.15,1227.65,1210.7,1219.35
2000-03-28,1219.7,1229.6,1196.55,1215.15
2000-03-29,1215.4,1234.6,1200.65,1202.6
2000-03-30,1202.15,1206.15,1156.2,1181.5
2000-03-31,1179.6,1179.6,1142.4,1159.6
2000-04-03,1159.7,1172.55,1118.0,1118.55
2000-04-04,1116.7,1116.7,1040.35,1042.9
2000-04-05,1041.75,1041.75,1010.3,1024.05
2000-04-06,1024.2,1025.35,969.75,1002.7
2000-04-07,1002.85,1060.55,1002.85,1060.35
2000-04-10,1060.85,1111.8,1060.85,1106.35
2000-04-11,1106.15,1122.35,1065.5,1122.25
2000-04-12,1122.55,1142.2,1118.15,1121.7
2000-04-13,1121.0,1121.0,1074.15,1090.2
2000-04-17,1089.9,1089.9,1025.3,1027.3
2000-04-18,1029.85,1038.45,1007.2,1013.05
2000-04-19,1016.85,1038.5,972.05,981.55
2000-04-20,981.1,981.1,926.25,950.35
2000-04-24,950.45,950.45,912.2,913.2
2000-04-25,913.0,913.0,865.35,888.15
2000-04-26,888.75,927.0,888.75,925.65
2000-04-27,925.3,931.5,893.2,901.8
2000-04-28,901.95,911.95,878.85,890.25
2000-05-02,890.5,894.75,831.6,835.6
2000-05-03,832.8,832.8,788.7,830.3
2000-05-04,830.05,862.75,830.0,862.25
2000-05-05,862.3,902.5,862.3,901.0
2000-05-08,901.0,933.7,883.7,889.35
2000-05-09,889.1,911.2,869.65,909.75
2000-05-10,909.15,919.45,884.1,886.8
2000-05-11,886.45,886.45,844.6,850.65
2000-05-12,850.75,856.2,810.55,812.75
2000-05-15,812.75,824.4,769.25,808.8
2000-05-16,808.85,817.8,799.95,806.5
2000-05-17,807.45,838.7,799.9,805.05
2000-05-18,804.1,814.45,798.95,812.9
2000-05-19,811.8,819.65,801.75,813.55
2000-05-22,813.15,813.15,785.15,785.85
2000-05-23,785.8,787.8,762.1,780.15
2000-05-24,779.9,788.9,768.1,786.6
2000-05-25,786.75,804.05,786.75,793.1
2000-05-26,792.85,795.1,782.15,795.05
2000-05-29,794.75,813.25,793.05,811.45
2000-05-30,811.7,838.1,811.65,838.1
2000-05-31,839.35,875.0,839.35,863.8
2000-06-01,864.0,867.35,848.95,851.95
2000-06-02,852.3,877.35,852.3,875.45
2000-06-05,875.65,917.55,875.65,894.5
2000-06-06,894.55,901.4,884.6,900.45
2000-06-07,900.95,917.1,898.6,901.6
2000-06-08,901.8,915.9,901.8,913.6
2000-06-09,913.75,918.0,899.6,903.45
2000-06-12,903.75,908.4,894.35,894.95
2000-06-13,894.7,903.95,879.55,902.0
2000-06-14,902.1,921.4,902.1,912.7
2000-06-15,912.95,914.55,903.65,909.3
2000-06-16,909.2,921.8,909.1,921.5
2000-06-19,921.5,938.95,921.5,931.95
2000-06-20,932.25,957.7,932.25,955.65
2000-06-21,956.25,972.9,945.7,945.9
2000-06-22,946.0,956.8,940.4,949.55
2000-06-23,949.3,949.3,923.75,928.85
2000-06-26,928.65,928.65,902.85,914.65
2000-06-27,914.75,923.5,910.55,913.25
2000-06-28,913.25,918.05,906.9,917.55
2000-06-29,917.65,931.8,917.65,921.55
2000-06-30,921.4,921.4,907.75,912.95
2000-07-03,913.15,931.95,913.15,931.55
2000-07-04,931.6,939.25,931.35,937.4
2000-07-05,938.25,952.2,938.25,941.1
2000-07-06,941.0,941.0,931.75,934.75
2000-07-07,934.8,939.75,933.15,935.7
2000-07-10,935.7,941.1,930.3,931.95
2000-07-11,932.15,933.85,926.5,929.5
2000-07-12,930.4,949.05,930.4,948.45
2000-07-13,948.75,958.5,934.45,935.45
2000-07-14,935.25,942.95,928.95,935.1
2000-07-17,934.75,939.15,926.15,930.95
2000-07-18,931.05,931.45,914.2,918.15
2000-07-19,918.25,923.5,905.0,905.75
2000-07-20,905.8,907.75,890.65,897.9
2000-07-21,898.25,909.5,890.5,892.1
2000-07-24,891.9,891.9,839.05,839.15
2000-07-25,838.95,869.85,818.5,867.0
2000-07-26,867.35,881.7,854.65,856.3
2000-07-27,856.2,863.05,838.2,862.9
2000-07-28,862.65,864.3,850.75,854.45
2000-07-31,854.15,854.15,842.05,845.1
2000-08-01,845.15,850.9,834.15,836.25
2000-08-02,836.4,841.9,829.4,839.5
2000-08-03,839.35,843.65,825.1,825.4
2000-08-04,825.4,830.55,805.55,808.85
2000-08-07,808.7,809.7,795.3,799.05
2000-08-08,799.15,807.15,796.95,805.4
2000-08-09,806.0,818.6,806.0,815.35
2000-08-10,816.25,822.1,801.85,804.8
2000-08-11,804.65,805.7,789.4,793.0
2000-08-14,793.1,793.9,780.8,791.25
2000-08-16,791.65,820.65,791.65,819.45
2000-08-17,819.6,822.8,808.95,810.35
2000-08-18,810.35,822.5,810.3,821.7
2000-08-21,821.7,834.65,821.7,833.0
2000-08-22,833.05,839.2,829.7,838.45
2000-08-23,838.7,849.6,837.15,837.8
2000-08-24,838.2,843.1,832.5,841.2
2000-08-25,841.25,852.25,841.25,849.4
2000-08-28,849.55,854.25,846.6,848.25
2000-08-29,848.35,854.8,844.9,848.95
2000-08-30,849.05,862.65,849.05,853.15
2000-08-31,852.6,859.1,851.75,858.65
2000-09-04,858.85,875.8,858.85,858.65
2000-09-05,873.15,885.55,872.85,884.5
2000-09-06,884.7,902.5,883.95,897.55
2000-09-07,897.8,908.55,895.95,902.45
2000-09-08,902.1,913.9,902.1,911.75
2000-09-11,912.4,928.35,912.4,919.95
2000-09-12,920.0,921.4,906.45,909.2
2000-09-13,909.35,918.0,898.6,899.85
2000-09-14,899.3,909.3,896.5,902.4
2000-09-15,902.5,904.25,876.65,879.0
2000-09-18,878.9,878.9,849.0,851.85
2000-09-19,851.6,857.55,822.7,840.15
2000-09-20,840.2,857.15,840.15,854.85
2000-09-21,854.75,855.3,846.7,847.45
2000-09-22,847.45,847.45,815.3,817.85
2000-09-25,818.05,833.05,818.05,833.0
2000-09-26,833.05,833.1,813.8,816.85
2000-09-27,816.5,825.25,811.4,824.0
2000-09-28,823.65,826.35,813.45,813.7
2000-09-29,813.8,816.75,805.45,808.4
2000-10-03,808.3,808.3,800.5,805.7
2000-10-04,806.15,818.0,803.85,816.35
2000-10-05,816.25,824.2,809.75,809.9
2000-10-06,809.8,809.95,796.45,804.8
2000-10-09,805.1,805.75,791.85,792.0
2000-10-10,791.95,794.1,773.55,776.25
2000-10-11,775.85,775.95,757.9,765.1
2000-10-12,765.0,772.0,757.6,772.0
2000-10-13,772.0,772.0,751.85,755.45
2000-10-16,755.6,776.6,755.6,762.15
2000-10-17,762.1,762.65,740.6,747.55
2000-10-18,748.1,748.95,741.25,747.3
2000-10-19,747.45,759.8,735.55,759.25
2000-10-20,759.3,770.4,759.3,763.8
2000-10-23,764.45,764.6,745.3,747.3
2000-10-24,747.3,747.45,741.4,743.6
2000-10-25,743.7,766.8,743.7,765.7
2000-10-26,765.8,776.15,765.4,776.0
2000-10-27,776.0,779.1,772.05,778.9
2000-10-30,778.95,781.3,767.35,769.7
2000-10-31,769.75,769.8,762.85,769.2
2000-11-01,769.85,780.8,769.75,779.35
2000-11-02,779.55,787.4,777.95,786.9
2000-11-03,787.05,800.8,786.8,799.85
2000-11-06,799.9,809.75,799.9,804.65
2000-11-07,804.6,810.85,801.15,810.7
2000-11-08,810.75,829.4,810.75,823.95
2000-11-09,823.8,823.85,813.0,820.6
2000-11-10,820.65,820.8,803.25,805.05
2000-11-13,804.85,804.85,781.55,783.5
2000-11-14,783.6,803.5,783.1,801.2
2000-11-15,801.7,817.95,801.7,808.8
2000-11-16,809.0,815.35,806.35,810.5
2000-11-17,810.4,810.65,802.35,808.75
2000-11-20,808.8,819.8,808.15,818.5
2000-11-21,818.75,819.0,811.2,818.95
2000-11-22,818.65,825.7,815.35,816.15
2000-11-23,815.85,817.1,810.45,816.85
2000-11-24,816.9,820.35,816.9,819.8
2000-11-27,819.85,835.9,819.85,835.75
2000-11-28,835.8,842.3,834.35,842.2
2000-11-29,842.05,856.05,841.75,847.45
2000-11-30,847.8,852.1,845.1,845.4
2000-12-01,845.35,847.7,840.9,844.35
2000-12-04,844.4,854.25,844.4,847.85
2000-12-05,848.0,859.8,848.0,859.8
2000-12-06,860.15,876.45,860.15,866.65
2000-12-07,866.55,871.35,866.0,870.65
2000-12-08,870.65,887.2,870.65,887.15
2000-12-11,887.55,905.45,887.55,904.65
2000-12-12,904.7,912.1,902.55,906.0
2000-12-13,906.15,925.1,906.15,922.35
2000-12-14,922.4,930.45,913.3,914.35
2000-12-15,914.2,914.25,881.3,884.8
2000-12-18,884.55,889.65,871.35,888.2
2000-12-19,888.25,892.35,872.2,874.6
2000-12-20,874.7,879.2,869.75,876.65
2000-12-21,876.6,876.6,856.35,866.55
2000-12-22,866.6,874.25,832.55,834.8
2000-12-26,834.85,838.7,809.0,812.45
2000-12-27,812.95,834.9,811.4,833.05
2000-12-28,832.7,845.3,832.7,844.9
2000-12-29,845.1,856.0,841.6,855.85
2001-01-01,855.85,868.8,855.75,862.1
2001-01-02,862.15,871.25,860.5,870.75
2001-01-03,870.75,883.4,869.3,883.1
2001-01-04,883.35,899.6,874.1,874.9
2001-01-05,874.85,876.6,871.7,876.5
2001-01-08,876.25,877.4,859.85,863.4
2001-01-09,863.95,866.75,852.05,854.05
2001-01-10,854.3,867.85,853.95,856.55
2001-01-11,856.6,860.45,848.55,850.1
2001-01-12,850.2,855.4,844.0,845.4
2001-01-15,845.6,847.9,837.05,840.4
2001-01-16,841.0,845.4,838.05,842.15
2001-01-17,842.5,854.6,842.5,846.15
2001-01-18,846.15,849.5,844.1,849.25
2001-01-19,849.25,857.3,849.25,856.4
2001-01-22,856.4,866.55,856.15,866.25
2001-01-23,866.2,868.05,859.35,862.4
2001-01-24,862.65,876.2,862.65,875.9
2001-01-25,875.95,880.1,870.25,879.7
2001-01-29,879.65,879.65,847.0,856.9
2001-01-30,857.05,869.5,855.95,868.5
2001-01-31,868.6,884.15,868.6,872.25
2001-02-01,872.5,873.9,852.35,858.15
2001-02-02,858.25,869.0,857.65,864.65
2001-02-05,865.15,879.55,865.15,879.15
2001-02-06,879.2,900.05,879.2,897.3
2001-02-07,899.25,921.95,899.25,910.95
2001-02-08,910.75,933.5,910.75,933.35
2001-02-09,933.45,954.25,933.45,946.25
2001-02-12,946.4,957.95,942.45,946.4
2001-02-13,946.5,951.2,929.05,933.35
2001-02-14,933.45,943.9,930.35,940.95
2001-02-15,941.0,949.9,941.0,946.45
2001-02-16,946.55,950.5,910.8,914.35
2001-02-19,914.6,922.95,907.1,915.6
2001-02-20,915.65,920.2,909.45,913.55
2001-02-21,913.8,921.35,905.1,909.05
2001-02-22,909.15,909.35,883.6,898.45
2001-02-23,898.55,900.6,862.75,862.9
2001-02-26,863.05,871.2,854.8,869.35
2001-02-27,871.35,871.35,871.35,913.55
2001-02-28,848.1,876.55,846.3,864.75
2001-03-01,865.45,866.65,856.65,913.55
2001-03-02,865.9,878.25,820.15,822.85
2001-03-05,821.4,821.45,779.2,783.95
2001-03-07,794.8,803.25,771.15,795.75
2001-03-08,796.0,796.0,783.45,783.6
2001-03-09,764.65,764.65,737.9,748.05
2001-03-12,745.25,745.25,705.3,706.25
2001-03-13,687.05,687.05,647.45,653.35
2001-03-14,649.9,693.4,649.9,691.8
2001-03-15,688.3,704.7,682.95,704.4
2001-03-16,702.45,709.5,683.35,688.8
2001-03-19,689.4,692.75,681.75,687.5
2001-03-20,687.5,688.4,669.15,680.15
2001-03-21,680.65,690.3,671.9,690.3
2001-03-22,690.2,697.9,685.15,685.7
2001-03-23,687.1,688.55,659.55,666.1
2001-03-26,666.25,668.0,658.9,666.0
2001-03-27,666.05,675.5,664.7,674.8
2001-03-28,677.55,693.5,677.55,691.2
2001-03-29,689.05,689.15,676.9,682.8
2001-03-30,681.85,681.85,658.25,660.65
2001-04-02,654.85,654.85,627.35,640.45
2001-04-03,639.3,646.1,638.3,645.45
2001-04-04,642.75,643.0,634.4,642.55
2001-04-06,646.65,654.85,636.75,637.35
2001-04-09,638.05,640.95,635.4,640.1
2001-04-10,640.45,640.55,623.6,626.95
2001-04-11,630.15,631.95,613.25,615.05
2001-04-12,615.0,615.0,588.85,596.95
2001-04-16,596.65,609.0,593.15,608.6
2001-04-17,609.55,621.4,605.35,621.05
2001-04-18,623.45,651.7,623.45,651.7
2001-04-19,658.25,676.2,651.2,653.0
2001-04-20,653.1,656.6,639.35,648.15
2001-04-23,649.55,656.2,647.5,651.3
2001-04-24,652.7,656.4,644.2,656.4
2001-04-25,658.8,670.7,658.8,668.7
2001-04-26,670.8,675.75,662.95,663.45
2001-04-27,657.9,657.9,630.05,633.95
2001-04-30,633.75,642.7,631.85,642.7
2001-05-02,645.1,655.8,645.1,648.7
2001-05-03,651.15,653.0,641.85,645.15
2001-05-04,645.25,646.0,640.8,645.9
2001-05-07,647.55,653.7,647.55,651.95
2001-05-08,652.9,660.0,652.05,660.0
2001-05-09,660.6,665.15,654.7,654.9
2001-05-10,657.6,658.5,653.45,654.9
2001-05-11,655.75,655.75,649.05,651.45
2001-05-14,652.15,653.75,648.85,650.95
2001-05-15,650.7,650.7,631.8,647.25
2001-05-16,648.95,664.2,648.95,661.1
2001-05-17,662.0,672.1,662.0,671.95
2001-05-18,673.3,680.4,673.3,680.4
2001-05-21,680.85,691.45,680.85,686.7
2001-05-22,688.9,691.85,686.7,689.85
2001-05-23,690.5,704.05,690.5,704.05
2001-05-24,704.3,708.1,697.7,698.95
2001-05-25,700.55,703.05,693.6,703.0
2001-05-28,704.6,713.55,704.6,712.8
2001-05-29,713.7,721.55,713.7,721.45
2001-05-30,723.15,731.25,715.5,715.5
2001-05-31,715.7,717.2,703.85,717.0
2001-06-01,717.25,720.1,706.0,707.1
2001-06-04,708.8,709.4,688.55,689.0
2001-06-05,688.7,690.05,676.9,679.2
2001-06-06,680.2,689.75,680.2,683.75
2001-06-07,684.25,684.75,664.15,673.1
2001-06-08,673.3,678.9,673.3,678.05
2001-06-11,678.8,680.9,676.3,679.4
2001-06-12,679.4,680.4,673.6,676.7
2001-06-13,679.3,684.8,679.3,682.45
2001-06-14,682.6,684.15,674.25,674.8
2001-06-15,674.0,674.0,657.65,660.0
2001-06-18,659.9,659.9,644.5,649.4
2001-06-19,649.4,652.8,647.9,649.95
2001-06-20,649.65,650.45,646.2,648.1
2001-06-21,648.1,649.3,642.1,643.05
2001-06-22,643.0,643.6,628.3,629.0
2001-06-25,626.6,626.6,610.85,611.0
2001-06-26,610.1,623.15,607.15,623.0
2001-06-27,622.8,628.9,619.9,623.05
2001-06-28,623.3,624.3,618.35,618.8
2001-06-29,619.7,624.95,615.95,622.15
2001-07-02,622.25,629.65,622.25,627.5
2001-07-03,627.25,627.25,618.1,618.7
2001-07-04,619.25,622.6,615.5,617.9
2001-07-05,618.0,621.3,616.4,618.35
2001-07-06,618.5,620.2,614.75,615.6
2001-07-09,615.75,615.75,611.0,615.35
2001-07-10,616.15,619.95,616.15,617.6
2001-07-11,617.6,618.45,616.05,617.35
2001-07-12,617.45,622.5,617.45,622.35
2001-07-13,623.45,626.45,619.65,620.25
2001-07-16,621.0,625.0,621.0,622.8
2001-07-17,623.7,623.9,619.55,620.3
2001-07-18,621.55,622.35,617.3,617.35
2001-07-19,617.3,617.3,609.7,611.45
2001-07-20,611.5,612.2,604.2,604.6
2001-07-23,604.55,605.45,600.5,602.5
2001-07-24,602.35,602.35,590.45,591.1
2001-07-25,591.7,591.7,575.85,576.45
2001-07-26,576.4,578.0,571.25,574.65
2001-07-27,575.85,579.55,575.6,579.55
2001-07-30,579.4,586.1,579.4,585.8
2001-07-31,586.4,587.55,582.7,587.0
2001-08-01,588.75,589.9,584.3,584.5
2001-08-02,583.7,588.1,583.7,587.0
2001-08-03,586.85,592.3,586.85,591.4
2001-08-06,591.5,597.1,591.5,593.4
2001-08-07,593.7,595.6,589.8,590.75
2001-08-08,591.4,591.4,588.3,588.95
2001-08-09,589.2,590.55,587.85,588.65
2001-08-10,589.2,591.85,587.25,588.35
2001-08-13,588.95,591.15,586.4,587.05
2001-08-14,587.5,589.7,585.55,588.0
2001-08-16,587.65,589.25,586.25,586.85
2001-08-17,587.05,589.5,585.4,586.8
2001-08-20,588.0,588.05,584.2,584.85
2001-08-21,585.5,587.7,584.4,587.25
2001-08-23,587.25,587.9,585.5,587.0
2001-08-24,587.5,587.5,582.2,582.6
2001-08-27,583.4,587.2,583.4,585.95
2001-08-28,586.3,587.75,585.35,585.9
2001-08-29,587.35,587.35,585.0,585.65
2001-08-30,585.75,588.5,584.2,585.0
2001-08-31,585.2,585.55,581.7,582.1
2001-09-03,584.65,585.65,582.55,583.6
2001-09-04,583.85,584.8,581.65,582.6
2001-09-05,582.8,584.35,579.35,580.55
2001-09-06,580.95,584.4,576.25,576.25
2001-09-07,576.05,576.3,572.75,575.25
2001-09-10,575.4,578.95,575.4,576.0
2001-09-11,576.05,579.1,572.6,572.65
2001-09-12,566.95,566.95,546.65,553.3
2001-09-13,553.45,557.95,552.7,553.7
2001-09-14,553.6,553.6,521.5,525.7
2001-09-17,524.6,524.6,488.8,491.95
2001-09-18,492.05,512.75,490.7,509.4
2001-09-19,509.4,519.6,509.4,518.35
2001-09-20,518.0,518.0,505.25,513.45
2001-09-21,512.8,512.8,504.05,508.0
2001-09-24,507.9,517.75,507.9,517.1
2001-09-25,517.7,524.3,512.9,513.6
2001-09-26,513.6,515.8,511.65,515.65
2001-09-27,515.35,521.45,513.7,520.8
2001-09-28,520.65,531.45,520.65,529.35
2001-10-01,529.35,530.25,522.85,523.3
2001-10-03,522.95,523.45,517.75,517.75
2001-10-04,518.05,522.55,518.05,519.9
2001-10-05,520.2,522.75,519.6,520.35
2001-10-08,520.45,520.45,510.45,515.85
2001-10-09,516.9,521.35,516.6,520.95
2001-10-10,521.5,525.7,521.35,525.7
2001-10-11,526.85,532.2,526.55,529.7
2001-10-12,529.8,535.15,528.9,529.4
2001-10-15,530.95,534.2,530.95,532.6
2001-10-16,533.35,538.7,533.15,538.5
2001-10-17,539.4,545.8,539.4,543.45
2001-10-18,543.9,545.25,541.8,543.35
2001-10-19,544.2,546.4,544.2,546.0
2001-10-22,545.95,558.55,545.8,554.5
2001-10-23,555.45,562.15,555.45,559.15
2001-10-24,560.15,564.05,559.2,561.6
2001-10-25,562.25,564.0,560.85,563.65
2001-10-29,563.95,568.4,563.95,565.0
2001-10-30,564.6,564.6,557.85,558.65
2001-10-31,559.0,560.85,557.0,559.95
2001-11-01,560.05,564.5,560.05,563.85
2001-11-02,564.15,570.75,564.15,566.55
2001-11-05,568.05,574.95,568.05,572.75
2001-11-06,573.35,580.3,573.35,579.3
2001-11-07,579.7,584.05,578.8,579.35
2001-11-08,579.55,584.6,579.2,584.05
2001-11-09,584.1,588.3,582.95,588.1
2001-11-12,587.3,596.7,587.2,594.9
2001-11-13,594.4,598.35,589.7,595.75
2001-11-14,595.75,603.3,595.75,602.65
2001-11-15,603.55,608.15,602.35,607.7
2001-11-19,608.35,622.2,608.35,619.75
2001-11-20,620.2,626.95,614.2,614.55
2001-11-21,614.55,625.55,614.55,624.05
2001-11-22,624.05,636.75,624.05,632.05
2001-11-23,634.25,639.45,629.95,632.1
2001-11-26,633.4,645.05,633.4,643.25
2001-11-27,645.55,649.2,641.3,642.5
2001-11-28,644.25,647.05,636.45,637.8
2001-11-29,637.5,637.5,631.1,637.3
2001-12-03,638.5,644.75,638.5,643.0
2001-12-04,643.6,650.7,643.6,649.9
2001-12-05,652.7,663.1,652.7,661.35
2001-12-06,664.1,670.3,652.6,652.85
2001-12-07,654.1,656.85,650.85,652.55
2001-12-10,653.75,661.95,653.75,661.7
2001-12-11,662.45,672.25,662.45,664.1
2001-12-12,664.75,673.35,662.1,663.55
2001-12-13,663.7,665.55,637.25,646.7
2001-12-14,646.0,646.8,640.7,646.8
2001-12-18,647.55,653.0,630.55,640.25
2001-12-19,643.45,643.5,622.95,622.95
2001-12-20,622.95,623.5,610.45,614.15
2001-12-21,612.85,612.85,597.85,600.35
2001-12-24,595.6,596.4,580.8,596.4
2001-12-26,596.4,604.0,592.95,593.0
2001-12-27,594.5,597.15,589.4,590.15
2001-12-28,591.3,601.4,586.3,600.9
2001-12-31,601.45,619.9,601.45,619.55
2002-01-01,620.95,628.45,613.75,615.8
2002-01-02,615.95,620.65,615.2,618.45
2002-01-03,619.85,625.9,619.85,625.35
2002-01-04,627.25,633.4,627.25,630.55
2002-01-07,631.35,639.95,631.35,634.65
2002-01-08,634.85,636.7,629.15,631.65
2002-01-09,633.15,635.9,621.1,622.65
2002-01-10,622.25,629.35,622.2,623.7
2002-01-11,623.55,627.65,610.8,616.35
2002-01-14,621.0,634.25,621.0,631.75
2002-01-15,632.3,634.7,627.05,627.95
2002-01-16,630.1,632.4,626.8,630.4
2002-01-17,629.1,640.6,627.35,640.6
2002-01-18,641.6,646.4,640.25,641.0
2002-01-21,642.5,649.65,642.5,645.0
2002-01-22,645.15,649.8,643.65,644.75
2002-01-23,644.7,648.9,642.1,643.65
2002-01-24,643.35,647.4,634.6,635.5
2002-01-25,636.1,636.8,631.95,636.05
2002-01-28,636.6,639.5,632.3,632.35
2002-01-29,633.05,637.4,632.9,634.1
2002-01-30,632.0,632.0,627.2,628.65
2002-01-31,628.9,636.4,628.9,635.1
2002-02-01,637.1,644.45,637.1,640.8
2002-02-04,644.2,651.1,644.2,647.85
2002-02-05,648.5,652.15,647.9,652.1
2002-02-06,657.7,681.9,657.7,678.6
2002-02-07,684.15,687.2,665.75,667.35
2002-02-08,667.6,683.2,667.6,683.2
2002-02-11,690.3,702.2,690.3,696.3
2002-02-12,701.3,707.75,697.45,699.65
2002-02-13,701.75,707.25,701.75,704.55
2002-02-14,707.1,713.95,707.1,713.1
2002-02-15,715.55,725.2,715.55,719.15
2002-02-18,723.0,730.95,717.55,722.15
2002-02-19,724.95,725.8,711.1,711.8
2002-02-20,710.55,714.1,706.6,708.35
2002-02-21,712.45,721.4,712.45,718.0
2002-02-22,718.65,725.3,717.8,723.0
2002-02-25,723.8,731.7,723.8,728.05
2002-02-26,730.0,740.6,730.0,739.25
2002-02-27,742.35,749.6,731.2,731.7
2002-02-28,735.15,744.45,689.5,691.85
2002-03-01,691.85,710.65,690.75,710.65
2002-03-04,716.35,725.4,716.35,723.05
2002-03-05,725.7,731.1,721.6,723.55
2002-03-06,725.05,730.75,720.05,721.55
2002-03-07,725.4,728.4,724.9,725.55
2002-03-08,728.85,730.15,725.4,726.1
2002-03-11,728.95,730.55,718.8,720.05
2002-03-12,721.3,721.3,709.65,710.8
2002-03-13,711.1,720.5,710.2,716.65
2002-03-14,716.85,724.4,716.85,720.2
2002-03-15,721.9,735.6,721.9,734.25
2002-03-18,737.65,750.85,737.65,743.9
2002-03-19,745.85,748.55,731.05,732.7
2002-03-20,733.35,737.0,728.25,730.95
2002-03-21,731.8,738.0,731.8,733.6
2002-03-22,735.55,740.05,730.4,731.0
2002-03-26,732.15,733.65,726.5,728.1
2002-03-27,728.5,734.1,727.25,728.45
2002-03-28,730.45,737.85,730.45,736.4
2002-04-01,739.75,750.9,739.75,749.75
2002-04-02,750.2,758.95,748.05,749.55
2002-04-03,749.0,750.75,745.0,747.8
2002-04-04,750.7,762.7,750.7,758.9
2002-04-05,763.3,771.2,763.3,769.2
2002-04-08,774.1,778.85,772.0,772.65
2002-04-09,775.7,777.95,769.3,775.25
2002-04-10,778.15,786.6,774.95,786.2
2002-04-11,790.15,798.45,790.15,796.35
2002-04-12,797.7,803.1,796.25,800.35
2002-04-15,802.05,807.65,794.2,795.6
2002-04-16,793.95,798.25,789.15,790.25
2002-04-17,793.6,803.75,793.6,801.1
2002-04-18,805.55,810.95,804.55,808.15
2002-04-19,810.7,812.25,794.2,795.8
2002-04-22,796.85,799.0,787.85,791.75
2002-04-23,793.25,801.0,793.25,797.7
2002-04-24,799.75,805.9,799.75,804.15
2002-04-25,806.7,808.65,799.55,800.2
2002-04-26,803.4,810.6,799.75,801.3
2002-04-29,802.25,805.2,798.9,800.75
2002-04-30,802.95,812.3,802.95,811.25
2002-05-02,814.25,821.75,814.25,817.4
2002-05-03,818.6,821.05,815.8,818.7
2002-05-06,821.35,826.35,821.35,825.7
2002-05-07,825.3,832.3,825.3,828.4
2002-05-08,832.1,836.6,829.2,830.85
2002-05-09,836.65,839.85,831.4,833.4
2002-05-10,832.65,835.3,824.5,826.25
2002-05-13,826.05,832.55,826.05,828.85
2002-05-14,831.6,833.2,825.3,826.75
2002-05-15,829.4,831.15,808.5,810.85
2002-05-16,812.75,814.3,799.5,803.75
2002-05-17,803.95,805.5,786.95,794.65
2002-05-20,796.0,796.0,764.35,768.65
2002-05-21,763.85,763.85,724.75,741.6
2002-05-22,739.4,757.15,734.15,752.5
2002-05-23,755.8,758.5,749.5,750.75
2002-05-24,756.75,790.05,756.75,788.2
2002-05-27,791.8,799.15,782.6,788.6
2002-05-28,785.85,785.85,763.9,765.7
2002-05-29,769.45,778.05,763.9,776.65
2002-05-30,777.6,788.7,766.35,767.85
2002-05-31,769.3,771.05,758.9,764.3
2002-06-03,766.45,781.9,766.45,777.6
2002-06-04,777.1,788.8,776.3,788.3
2002-06-05,790.95,804.65,790.95,802.65
2002-06-06,805.85,809.8,790.9,796.75
2002-06-07,795.2,796.8,779.75,781.1
2002-06-10,784.65,805.35,784.65,802.85
2002-06-11,806.75,829.55,806.75,827.95
2002-06-12,828.35,838.15,827.6,829.6
2002-06-13,831.9,840.75,830.6,831.75
2002-06-14,832.1,840.5,831.85,839.3
2002-06-17,847.35,855.6,847.35,851.45
2002-06-18,858.75,860.55,842.75,843.95
2002-06-19,844.95,847.85,826.15,830.0
2002-06-20,829.45,838.55,827.45,836.75
2002-06-21,839.3,843.95,832.8,835.05
2002-06-24,836.05,838.55,832.95,833.8
2002-06-25,836.9,839.85,827.5,832.75
2002-06-26,832.6,832.6,812.4,814.05
2002-06-27,819.65,827.1,819.65,825.5
2002-06-28,825.95,836.25,825.95,832.85
2002-07-01,835.55,847.4,835.55,846.3
2002-07-02,846.25,851.7,844.4,846.1
2002-07-03,847.35,853.0,846.95,850.1
2002-07-04,851.6,861.45,851.6,856.6
2002-07-05,858.35,867.6,858.35,866.15
2002-07-08,870.6,884.15,870.6,878.4
2002-07-09,879.8,883.35,873.3,874.05
2002-07-10,874.6,879.1,862.25,862.75
2002-07-11,862.6,862.6,846.95,848.7
2002-07-12,851.35,859.75,847.7,850.8
2002-07-15,851.05,851.15,827.65,831.2
2002-07-16,831.25,837.9,822.6,824.4
2002-07-17,824.7,827.05,804.85,810.95
2002-07-18,813.7,826.6,813.7,825.75
2002-07-19,823.85,826.15,819.65,821.3
2002-07-22,812.0,812.0,791.05,793.1
2002-07-23,788.95,803.4,787.45,802.45
2002-07-24,799.5,800.9,787.25,787.9
2002-07-25,794.65,805.7,785.55,788.85
2002-07-26,785.35,785.35,761.75,762.75
2002-07-29,765.3,767.45,730.25,744.1
2002-07-30,749.35,756.8,723.75,727.65
2002-07-31,725.15,731.35,705.9,727.0
2002-08-01,728.9,740.9,723.95,725.95
2002-08-02,721.5,726.0,715.25,723.85
2002-08-05,725.6,738.7,725.6,736.75
2002-08-06,735.1,742.3,732.25,741.4
2002-08-07,745.65,753.3,744.9,745.8
2002-08-08,747.15,747.55,728.0,729.3
2002-08-09,731.2,735.2,725.1,733.5
2002-08-12,734.45,739.6,733.95,738.25
2002-08-13,740.0,743.0,738.8,739.3
2002-08-14,739.0,742.45,735.25,736.25
2002-08-16,739.45,742.3,735.75,736.9
2002-08-19,739.25,741.25,735.45,735.85
2002-08-20,736.2,744.25,736.2,743.55
2002-08-21,744.25,750.2,743.1,743.45
2002-08-22,744.35,747.3,740.95,741.75
2002-08-23,742.25,745.35,741.3,743.25
2002-08-26,742.05,746.7,742.05,743.05
2002-08-27,743.0,746.85,733.7,734.2
2002-08-28,733.15,736.05,731.45,732.4
2002-08-29,730.75,732.65,727.0,727.9
2002-08-30,729.2,736.45,728.45,735.55
2002-09-02,738.45,747.6,738.45,742.65
2002-09-03,743.2,744.4,737.4,738.15
2002-09-04,735.3,740.9,733.6,740.15
2002-09-05,742.35,745.4,739.35,740.2
2002-09-06,739.6,739.6,731.65,733.15
2002-09-09,731.85,731.85,721.2,722.9
2002-09-11,724.0,729.85,724.0,728.7
2002-09-12,729.7,733.65,729.7,732.25
2002-09-13,732.25,735.5,729.4,730.55
2002-09-16,732.9,734.35,718.9,719.85
2002-09-17,721.65,726.35,721.45,723.65
2002-09-18,722.85,724.1,714.3,714.85
2002-09-19,715.75,716.4,703.05,706.45
2002-09-20,703.3,706.95,698.65,705.65
2002-09-23,708.6,709.15,703.65,704.55
2002-09-24,706.2,706.2,695.1,695.8
2002-09-25,693.45,697.9,692.8,697.4
2002-09-26,699.15,702.5,699.1,699.55
2002-09-27,698.55,705.7,698.55,704.7
2002-09-30,704.65,705.3,693.3,694.9
2002-10-01,694.15,697.15,686.7,688.35
2002-10-03,689.45,692.2,685.05,685.45
2002-10-04,686.6,689.15,684.65,686.2
2002-10-07,686.4,697.25,686.4,696.0
2002-10-08,696.85,700.95,696.15,699.35
2002-10-09,701.1,704.35,695.45,696.1
2002-10-10,696.9,698.3,688.85,693.8
2002-10-11,696.4,699.5,696.4,697.05
2002-10-14,697.45,700.25,695.15,695.65
2002-10-16,698.05,701.05,690.55,691.25
2002-10-17,691.5,692.75,688.3,691.65
2002-10-18,693.6,699.3,693.45,694.35
2002-10-21,695.4,697.4,693.65,694.15
2002-10-22,697.6,697.6,686.55,687.4
2002-10-23,688.8,688.8,682.35,682.55
2002-10-24,683.0,683.25,677.85,678.55
2002-10-25,678.4,678.4,669.1,670.5
2002-10-28,670.8,671.3,662.6,663.15
2002-10-29,662.8,670.5,662.8,669.65
2002-10-30,669.75,675.7,669.75,673.7
2002-10-31,675.45,676.3,673.45,675.5
2002-11-01,676.85,679.35,672.9,673.6
2002-11-04,674.75,679.5,674.75,679.35
2002-11-05,679.9,679.9,674.75,675.2
2002-11-07,675.85,679.2,674.9,675.3
2002-11-08,675.95,676.3,672.95,674.5
2002-11-11,674.25,674.8,669.45,670.5
2002-11-12,670.2,671.2,666.05,667.9
2002-11-13,668.8,673.65,668.6,669.0
2002-11-14,668.75,672.2,668.75,669.6
2002-11-15,672.0,674.4,672.0,673.05
2002-11-18,675.7,679.6,674.75,678.55
2002-11-20,679.4,684.45,679.4,682.9
2002-11-21,687.65,691.1,687.05,687.65
2002-11-22,689.95,696.85,689.95,692.55
2002-11-25,693.65,701.1,693.65,699.6
2002-11-26,701.5,705.95,701.5,703.85
2002-11-27,703.8,707.45,701.7,702.7
2002-11-28,704.95,710.85,704.95,709.55
2002-11-29,710.45,722.05,708.95,720.6
2002-12-02,725.15,742.15,725.15,739.45
2002-12-03,740.0,743.8,725.35,726.9
2002-12-04,725.8,725.8,718.2,718.75
2002-12-05,720.15,729.95,720.15,728.35
2002-12-06,736.8,742.3,735.85,741.85
2002-12-09,744.75,752.35,734.1,735.75
2002-12-10,734.0,736.65,729.0,735.65
2002-12-11,741.5,743.65,736.5,739.0
2002-12-12,741.8,747.9,739.85,744.95
2002-12-13,748.05,755.75,748.05,754.85
2002-12-16,757.05,763.3,748.4,749.75
2002-12-17,750.4,751.1,737.15,742.65
2002-12-18,742.75,749.8,742.75,748.55
2002-12-19,747.7,754.4,745.2,750.05
2002-12-20,750.85,756.7,750.0,752.9
2002-12-23,754.15,755.3,747.35,747.75
2002-12-24,748.65,753.0,747.7,752.15
2002-12-26,754.25,759.7,754.25,755.9
2002-12-27,756.9,760.4,756.8,757.85
2002-12-30,755.9,757.85,752.8,756.9
2002-12-31,757.9,764.65,757.9,760.6
2003-01-01,762.45,765.95,762.45,764.65
2003-01-02,766.6,768.95,757.7,758.45
2003-01-03,761.6,763.4,755.45,756.2
2003-01-06,758.45,760.0,749.6,750.2
2003-01-07,752.95,755.2,747.15,749.0
2003-01-08,752.35,759.75,752.35,758.6
2003-01-09,759.2,768.9,759.2,768.05
2003-01-10,769.35,771.3,762.5,763.55
2003-01-13,763.6,767.8,760.8,764.8
2003-01-14,766.95,772.25,766.95,769.0
2003-01-15,771.4,776.55,771.2,772.7
2003-01-16,773.35,779.9,773.35,778.6
2003-01-17,778.7,783.1,777.8,780.2
2003-01-20,780.8,784.1,778.3,778.6
2003-01-21,779.75,785.9,778.4,780.5
2003-01-22,782.8,786.2,780.8,781.75
2003-01-23,782.15,783.0,773.85,775.05
2003-01-24,775.45,778.75,753.15,754.55
2003-01-27,757.25,757.25,727.1,729.75
2003-01-28,729.5,739.9,725.95,738.65
2003-01-29,739.0,748.0,738.05,739.15
2003-01-30,740.4,744.2,735.95,737.25
2003-01-31,737.45,737.45,731.25,734.7
2003-02-03,736.2,748.7,736.2,747.95
2003-02-04,750.15,756.3,748.35,749.05
2003-02-05,747.95,749.95,740.95,742.7
2003-02-06,743.1,748.9,741.2,748.1
2003-02-07,750.3,752.5,746.35,747.25
2003-02-10,747.7,748.75,734.85,735.8
2003-02-11,738.7,740.45,732.5,733.1
2003-02-12,734.4,734.7,727.55,728.4
2003-02-14,729.35,729.35,716.5,717.35
2003-02-17,725.35,740.1,725.35,738.9
2003-02-18,741.85,746.6,741.85,742.6
2003-02-19,743.2,750.55,743.2,748.45
2003-02-20,749.55,752.05,744.2,747.7
2003-02-21,747.1,749.65,745.25,746.8
2003-02-24,750.1,754.2,750.1,751.6
2003-02-25,750.9,750.9,741.35,741.95
2003-02-26,745.35,745.75,736.35,736.7
2003-02-27,738.15,747.0,736.45,744.7
2003-02-28,748.35,755.2,742.2,744.3
2003-03-03,752.0,754.55,744.35,745.0
2003-03-04,746.75,746.75,733.85,734.2
2003-03-05,734.6,734.6,720.3,727.6
2003-03-06,728.15,729.45,722.0,723.4
2003-03-07,720.4,720.4,707.35,708.8
2003-03-10,709.6,711.7,696.0,697.1
2003-03-11,692.75,700.0,688.5,698.85
2003-03-12,699.2,707.65,697.0,697.55
2003-03-13,698.45,699.15,692.0,694.7
2003-03-17,691.35,691.35,683.7,688.8
2003-03-19,692.0,696.45,689.4,690.25
2003-03-20,690.2,700.95,686.35,699.4
2003-03-21,700.65,706.15,700.35,703.95
2003-03-22,706.4,710.15,706.4,709.2
2003-03-24,709.45,709.45,693.65,694.35
2003-03-25,690.25,691.65,685.35,690.6
2003-03-26,691.4,698.75,688.2,689.4
2003-03-27,689.7,691.4,686.75,687.1
2003-03-28,687.5,691.8,684.45,685.5
2003-03-31,684.85,684.85,667.5,668.8
2003-04-01,668.9,678.95,668.9,676.0
2003-04-02,676.4,691.1,676.4,689.65
2003-04-03,694.45,700.75,694.45,700.35
2003-04-04,700.25,715.55,700.15,714.7
2003-04-07,718.0,731.0,718.0,729.85
2003-04-08,728.25,733.5,725.25,730.95
2003-04-09,730.2,732.15,723.5,724.65
2003-04-10,722.1,722.2,702.7,703.95
2003-04-11,704.2,713.9,699.25,706.9
2003-04-15,710.8,716.9,705.6,712.75
2003-04-16,713.95,715.75,713.0,714.15
2003-04-17,712.75,713.2,705.8,707.55
2003-04-21,707.15,720.2,707.15,719.65
2003-04-22,718.05,724.05,718.05,720.8
2003-04-23,723.3,725.5,715.75,716.9
2003-04-24,716.5,721.35,715.4,716.15
2003-04-25,716.4,719.2,714.15,714.9
2003-04-28,716.8,723.75,716.65,722.55
2003-04-29,724.25,727.5,721.0,721.95
2003-04-30,723.25,727.45,723.25,725.65
2003-05-02,729.85,743.55,729.85,742.8
2003-05-05,749.85,762.4,749.7,760.5
2003-05-06,762.2,770.15,762.2,764.95
2003-05-07,767.15,770.7,760.7,761.25
2003-05-08,762.5,765.0,758.1,759.95
2003-05-09,758.55,764.65,758.55,763.2
2003-05-12,764.65,776.05,764.65,773.6
2003-05-13,775.6,788.8,775.6,787.55
2003-05-14,789.3,800.0,789.3,797.55
2003-05-15,799.45,813.5,799.45,812.5
2003-05-16,814.3,824.15,809.65,817.1
2003-05-19,818.25,824.0,809.95,810.95
2003-05-20,808.15,821.3,806.6,819.5
2003-05-21,823.3,835.6,823.3,830.4
2003-05-22,832.1,841.85,832.1,836.1
2003-05-23,841.85,846.3,840.15,844.6
2003-05-26,847.1,862.0,845.25,860.85
2003-05-27,863.3,873.4,857.75,858.05
2003-05-28,862.7,865.8,856.55,864.65
2003-05-29,867.4,881.95,867.25,876.45
2003-05-30,879.75,895.3,879.75,887.85
2003-06-02,878.2,890.9,872.9,880.3
2003-06-03,882.2,888.7,878.4,883.2
2003-06-04,886.25,899.55,886.25,895.0
2003-06-05,900.3,907.0,888.15,890.65
2003-06-06,891.2,896.35,888.2,891.95
2003-06-09,893.85,907.7,893.85,906.35
2003-06-10,905.85,912.0,888.55,889.95
2003-06-11,891.95,903.9,891.45,898.4
2003-06-12,904.05,914.7,904.05,907.6
2003-06-13,909.6,911.6,902.1,903.2
2003-06-16,903.25,905.6,896.9,900.6
2003-06-17,904.1,917.6,904.1,915.25
2003-06-18,916.45,924.8,914.05,915.3
2003-06-19,917.95,925.75,915.15,919.1
2003-06-20,918.9,926.05,918.9,924.6
2003-06-23,929.55,937.65,921.45,922.25
2003-06-24,920.2,929.3,920.2,927.95
2003-06-25,932.7,944.05,932.7,942.4
2003-06-26,946.8,951.3,945.05,946.3
2003-06-27,948.9,960.65,942.65,959.55
2003-06-30,963.9,983.6,963.9,976.3
2003-07-01,979.1,987.15,972.7,981.55
2003-07-02,982.45,1008.8,982.45,998.55
2003-07-03,1007.3,1021.3,1002.85,1012.5
2003-07-04,1017.8,1023.25,1010.9,1015.3
2003-07-07,1022.2,1034.5,1019.4,1030.55
2003-07-08,1038.7,1042.65,1022.1,1024.45
2003-07-09,1025.55,1029.8,1001.95,1004.6
2003-07-10,1005.7,1014.3,1005.7,1009.2
2003-07-11,1012.75,1026.65,1012.75,1015.9
2003-07-14,1023.8,1034.05,1023.8,1030.95
2003-07-15,1030.8,1034.7,1001.35,1013.65
2003-07-16,1016.55,1030.05,1010.8,1029.35
2003-07-17,1031.7,1044.55,1010.5,1013.9
2003-07-18,1009.4,1018.15,994.85,1003.4
2003-07-21,1009.85,1014.0,988.3,990.6
2003-07-22,989.25,991.15,973.4,975.05
2003-07-23,981.15,993.6,978.7,984.8
2003-07-24,987.75,1000.45,987.75,999.1
2003-07-25,1003.05,1020.8,1003.05,1019.8
2003-07-28,1025.75,1039.5,1025.75,1029.9
2003-07-29,1031.1,1035.0,1021.2,1033.0
2003-07-30,1033.45,1051.3,1033.45,1050.5
2003-07-31,1053.95,1062.75,1045.8,1048.35
2003-08-01,1050.8,1058.65,1043.85,1056.3
2003-08-04,1056.25,1079.3,1054.05,1077.9
2003-08-05,1079.15,1097.3,1056.1,1057.1
2003-08-06,1053.35,1068.05,1045.9,1051.05
2003-08-07,1051.3,1076.25,1051.3,1074.8
2003-08-08,1078.9,1091.3,1078.9,1090.55
2003-08-11,1088.85,1107.0,1088.85,1101.3
2003-08-12,1110.05,1116.8,1099.8,1103.05
2003-08-13,1109.15,1118.35,1101.8,1117.55
2003-08-14,1119.95,1133.85,1119.8,1122.95
2003-08-18,1124.65,1154.85,1124.65,1153.2
2003-08-19,1170.2,1176.95,1131.3,1134.1
2003-08-20,1140.4,1153.75,1137.25,1144.65
2003-08-21,1149.55,1159.15,1145.3,1149.15
2003-08-22,1153.85,1159.0,1137.9,1146.25
2003-08-25,1155.25,1157.35,1081.75,1102.3
2003-08-26,1103.65,1152.45,1103.65,1149.9
2003-08-27,1151.75,1176.35,1151.75,1173.6
2003-08-28,1182.95,1186.45,1170.8,1176.5
2003-08-29,1182.05,1191.75,1178.1,1187.65
2003-09-01,1191.2,1207.95,1191.2,1202.2
2003-09-02,1207.85,1209.65,1185.55,1199.65
2003-09-03,1204.35,1215.3,1178.15,1182.75
2003-09-04,1187.15,1199.45,1175.4,1185.15
2003-09-05,1185.75,1202.85,1185.75,1201.2
2003-09-08,1206.05,1235.6,1206.05,1234.4
2003-09-09,1240.3,1246.15,1218.75,1223.15
2003-09-10,1221.8,1225.65,1206.5,1217.4
2003-09-11,1217.05,1239.1,1217.05,1227.8
2003-09-12,1235.95,1242.25,1205.55,1207.85
2003-09-15,1211.45,1211.45,1173.0,1175.8
2003-09-16,1176.05,1201.05,1157.55,1199.15
2003-09-17,1209.9,1219.25,1191.45,1195.35
2003-09-18,1196.6,1196.6,1155.3,1156.35
2003-09-19,1159.0,1173.25,1133.95,1159.35
2003-09-22,1167.0,1175.35,1157.5,1159.05
2003-09-23,1158.8,1177.9,1150.75,1173.8
2003-09-24,1176.55,1193.35,1172.25,1192.65
2003-09-25,1191.9,1206.9,1185.0,1196.0
2003-09-26,1198.0,1220.15,1198.0,1218.9
2003-09-29,1224.0,1240.45,1224.0,1232.5
2003-09-30,1237.7,1244.15,1235.3,1242.65
2003-10-01,1244.85,1259.4,1242.45,1253.0
2003-10-03,1261.2,1276.5,1261.2,1275.25
2003-10-06,1285.15,1306.15,1285.15,1304.0
2003-10-07,1314.8,1320.45,1296.95,1303.25
2003-10-08,1311.6,1322.5,1299.05,1311.15
2003-10-09,1317.05,1337.0,1317.05,1335.8
2003-10-10,1338.7,1349.3,1334.1,1337.15
2003-10-13,1339.5,1363.8,1339.5,1362.65
2003-10-14,1371.05,1373.6,1330.6,1333.45
2003-10-15,1333.55,1345.45,1319.4,1336.85
2003-10-16,1340.8,1359.0,1340.8,1355.5
2003-10-17,1359.45,1368.15,1354.0,1357.3
2003-10-20,1364.1,1369.5,1335.2,1337.65
2003-10-21,1342.35,1345.15,1300.3,1305.55
2003-10-22,1315.75,1322.15,1284.75,1294.0
2003-10-23,1297.8,1313.85,1283.05,1285.4
2003-10-24,1290.95,1313.2,1264.6,1309.35
2003-10-25,1320.35,1336.8,1320.35,1334.1
2003-10-27,1334.55,1337.6,1311.2,1313.05
2003-10-28,1314.35,1314.35,1292.3,1298.15
2003-10-29,1307.05,1312.1,1293.9,1303.9
2003-10-30,1309.5,1326.6,1304.0,1324.8
2003-10-31,1329.5,1354.85,1329.5,1353.65
2003-11-03,1357.45,1373.9,1357.45,1368.35
2003-11-04,1370.0,1382.35,1367.7,1375.3
2003-11-05,1378.6,1398.55,1374.25,1384.95
2003-11-06,1394.95,1409.2,1394.95,1402.85
2003-11-07,1407.1,1417.7,1397.7,1400.85
2003-11-10,1403.25,1421.9,1397.15,1420.15
2003-11-11,1425.2,1447.95,1425.2,1440.35
2003-11-12,1451.0,1467.9,1451.0,1458.05
2003-11-13,1468.4,1472.5,1424.0,1429.55
2003-11-14,1430.95,1431.45,1398.05,1400.7
2003-11-15,1401.25,1428.85,1394.05,1418.95
2003-11-17,1426.6,1445.25,1422.0,1442.7
2003-11-18,1445.0,1463.3,1438.4,1446.0
2003-11-19,1446.95,1446.95,1422.3,1425.75
2003-11-20,1428.05,1442.25,1398.5,1401.05
2003-11-21,1400.7,1405.85,1372.5,1401.75
2003-11-24,1406.7,1431.15,1406.7,1425.5
2003-11-25,1430.6,1446.85,1430.6,1445.9
2003-11-27,1455.6,1474.9,1455.6,1470.2
2003-11-28,1475.45,1485.35,1473.95,1481.9
2003-12-01,1492.7,1519.4,1492.7,1518.15
2003-12-02,1524.5,1535.45,1512.3,1531.4
2003-12-03,1544.6,1570.6,1543.3,1564.7
2003-12-04,1572.95,1589.8,1562.1,1583.85
2003-12-05,1592.7,1605.3,1559.25,1564.15
2003-12-09,1589.05,1622.1,1589.05,1621.2
2003-12-10,1625.45,1633.0,1612.2,1620.05
2003-12-11,1630.9,1644.7,1611.9,1627.45
2003-12-12,1637.8,1644.45,1627.45,1640.2
2003-12-15,1654.0,1670.4,1654.0,1666.0
2003-12-16,1666.75,1673.15,1647.75,1666.7
2003-12-17,1672.1,1686.65,1671.35,1676.95
2003-12-18,1685.5,1710.8,1681.65,1706.8
2003-12-19,1714.05,1734.55,1714.05,1726.4
2003-12-22,1733.65,1759.2,1733.65,1756.2
2003-12-23,1764.2,1774.9,1740.8,1745.0
2003-12-24,1751.05,1762.8,1745.25,1759.3
2003-12-26,1764.4,1791.8,1764.4,1789.05
2003-12-29,1796.1,1827.55,1796.1,1826.25
2003-12-30,1838.95,1845.05,1788.4,1799.25
2003-12-31,1803.55,1812.45,1784.1,1794.8
2004-01-01,1801.65,1831.05,1801.65,1829.2
2004-01-02,1838.45,1864.5,1838.45,1861.25
2004-01-05,1875.4,1883.25,1842.4,1853.6
2004-01-06,1856.35,1866.9,1808.6,1817.0
2004-01-07,1817.2,1822.1,1771.95,1792.7
2004-01-08,1809.45,1854.65,1809.45,1852.85
2004-01-09,1887.5,1897.0,1850.7,1861.2
2004-01-12,1862.4,1867.75,1832.45,1836.6
2004-01-13,1843.05,1855.25,1820.1,1846.15
2004-01-14,1857.4,1879.55,1857.4,1873.1
2004-01-15,1875.1,1895.4,1844.5,1850.5
2004-01-16,1853.45,1853.45,1786.5,1802.8
2004-01-19,1811.55,1814.5,1754.6,1807.65
2004-01-20,1819.95,1836.15,1776.0,1784.45
2004-01-21,1777.7,1778.1,1652.45,1661.5
2004-01-22,1669.2,1692.05,1600.6,1616.35
2004-01-23,1634.85,1707.55,1623.85,1698.45
2004-01-27,1716.9,1755.9,1709.45,1752.85
2004-01-28,1758.35,1763.1,1709.25,1719.95
2004-01-29,1722.2,1729.65,1700.6,1710.95
2004-01-30,1714.4,1721.65,1659.3,1662.0
2004-02-03,1667.1,1667.1,1567.5,1578.45
2004-02-05,1622.2,1655.25,1616.0,1623.15
2004-02-06,1629.95,1642.05,1612.95,1638.8
2004-02-09,1651.6,1684.15,1651.6,1680.95
2004-02-10,1685.65,1693.15,1670.1,1683.8
2004-02-11,1688.3,1694.45,1680.9,1691.65
2004-02-12,1697.05,1707.6,1692.85,1703.3
2004-02-13,1706.5,1728.15,1700.85,1727.45
2004-02-16,1734.6,1756.9,1734.6,1746.7
2004-02-17,1750.65,1752.9,1740.45,1746.6
2004-02-18,1753.1,1765.8,1745.2,1747.65
2004-02-19,1749.95,1752.65,1698.5,1701.85
2004-02-20,1697.0,1708.9,1676.25,1696.75
2004-02-23,1704.75,1705.9,1658.15,1661.25
2004-02-25,1664.3,1668.8,1637.25,1642.3
2004-02-26,1646.25,1667.95,1629.0,1632.2
2004-02-27,1636.75,1646.85,1616.9,1642.8
2004-03-01,1648.85,1670.65,1648.85,1669.2
2004-03-03,1674.5,1686.75,1672.25,1676.25
2004-03-04,1683.45,1691.3,1666.85,1671.65
2004-03-05,1679.3,1683.9,1676.1,1682.05
2004-03-08,1690.05,1703.3,1690.05,1699.7
2004-03-09,1701.65,1705.6,1674.75,1683.9
2004-03-10,1682.55,1685.25,1670.1,1672.85
2004-03-11,1672.4,1676.7,1647.65,1650.0
2004-03-12,1648.65,1651.05,1626.15,1646.35
2004-03-15,1650.6,1671.35,1596.45,1603.65
2004-03-16,1600.35,1600.35,1558.35,1568.3
2004-03-17,1576.35,1586.4,1570.8,1578.25
2004-03-18,1578.35,1586.1,1553.8,1557.3
2004-03-19,1560.2,1565.8,1537.25,1555.25
2004-03-22,1558.15,1560.95,1500.05,1501.15
2004-03-23,1498.75,1500.85,1462.65,1484.75
2004-03-24,1485.3,1491.25,1475.05,1483.1
2004-03-25,1487.05,1516.95,1487.05,1509.6
2004-03-26,1515.3,1551.05,1515.3,1542.65
2004-03-29,1550.65,1569.85,1550.65,1568.55
2004-03-30,1573.55,1606.3,1573.55,1586.75
2004-03-31,1590.25,1605.8,1587.5,1603.25
2004-04-01,1606.35,1660.85,1606.35,1656.3
2004-04-02,1665.4,1675.35,1647.85,1672.0
2004-04-05,1673.8,1709.7,1673.8,1691.15
2004-04-06,1698.4,1703.55,1666.7,1672.7
2004-04-07,1672.15,1681.05,1662.75,1668.6
2004-04-08,1667.8,1689.5,1662.85,1684.85
2004-04-12,1691.3,1710.8,1691.3,1700.45
2004-04-13,1704.65,1715.35,1685.4,1713.7
2004-04-15,1716.35,1740.3,1716.35,1732.05
2004-04-16,1739.3,1767.15,1739.3,1754.75
2004-04-17,1762.75,1782.75,1761.3,1779.05
2004-04-19,1787.25,1803.4,1749.85,1753.2
2004-04-20,1759.1,1759.1,1739.4,1748.3
2004-04-21,1746.65,1781.5,1746.15,1780.25
2004-04-22,1787.0,1805.45,1787.0,1803.4
2004-04-23,1809.6,1828.9,1807.35,1810.55
2004-04-27,1802.8,1802.8,1718.5,1721.3
2004-04-28,1718.8,1733.45,1708.25,1728.5
2004-04-29,1728.6,1751.4,1728.6,1737.05
2004-04-30,1739.65,1755.35,1734.5,1739.0
2004-05-03,1740.4,1740.4,1672.15,1694.8
2004-05-04,1705.5,1747.5,1705.5,1745.1
2004-05-05,1753.7,1773.6,1753.7,1763.3
2004-05-06,1768.5,1798.9,1768.5,1796.65
2004-05-07,1801.4,1801.4,1775.4,1779.9
2004-05-10,1771.8,1771.8,1746.15,1758.65
2004-05-11,1749.0,1749.0,1673.0,1679.3
2004-05-12,1678.25,1703.75,1672.45,1697.45
2004-05-13,1669.25,1738.3,1638.9,1711.6
2004-05-14,1712.55,1722.1,1568.45,1577.55
2004-05-17,1577.2,1577.2,1380.4,1404.2
2004-05-18,1404.65,1507.95,1404.65,1502.9
2004-05-19,1517.8,1580.05,1517.8,1569.6
2004-05-20,1569.75,1606.5,1569.75,1579.85
2004-05-21,1580.15,1580.15,1547.5,1575.45
2004-05-24,1583.65,1637.85,1583.65,1634.65
2004-05-25,1635.3,1640.35,1613.95,1629.6
2004-05-26,1641.4,1660.35,1636.25,1639.1
2004-05-27,1640.6,1647.75,1627.8,1629.7
2004-05-28,1627.7,1627.7,1554.85,1558.0
2004-05-31,1543.15,1543.15,1490.85,1505.65
2004-06-01,1514.9,1542.2,1514.9,1519.15
2004-06-02,1527.65,1541.65,1526.35,1530.35
2004-06-03,1540.75,1551.3,1504.35,1507.7
2004-06-04,1506.7,1516.25,1488.9,1509.45
2004-06-07,1516.15,1531.65,1516.15,1524.0
2004-06-08,1527.4,1532.15,1519.35,1526.1
2004-06-09,1530.6,1543.25,1529.7,1539.7
2004-06-10,1540.9,1552.2,1539.55,1548.0
2004-06-11,1551.45,1563.7,1528.8,1530.15
2004-06-14,1531.25,1531.25,1484.5,1490.0
2004-06-15,1489.1,1507.45,1489.1,1500.45
2004-06-16,1505.5,1512.9,1496.5,1498.3
2004-06-17,1502.0,1502.0,1485.6,1499.7
2004-06-18,1499.9,1509.0,1489.95,1492.7
2004-06-21,1493.85,1501.2,1476.65,1477.7
2004-06-22,1478.0,1479.5,1463.7,1466.4
2004-06-23,1466.7,1471.65,1429.1,1431.95
2004-06-24,1435.65,1436.9,1416.6,1431.5
2004-06-25,1432.65,1473.0,1431.85,1469.35
2004-06-28,1469.3,1510.4,1469.3,1508.85
2004-06-29,1511.55,1530.7,1510.05,1520.85
2004-06-30,1521.5,1536.9,1521.5,1524.15
2004-07-01,1526.4,1540.35,1521.2,1538.3
2004-07-02,1537.5,1550.2,1533.2,1543.7
2004-07-05,1539.75,1547.45,1533.35,1535.25
2004-07-06,1536.55,1546.95,1532.4,1546.1
2004-07-07,1546.25,1562.85,1545.25,1550.1
2004-07-08,1552.25,1573.2,1494.3,1501.85
2004-07-09,1483.8,1534.35,1475.05,1533.25
2004-07-12,1539.0,1558.95,1537.75,1554.9
2004-07-13,1558.5,1567.15,1544.65,1552.4
2004-07-14,1554.15,1564.9,1553.95,1561.95
2004-07-15,1561.7,1598.75,1561.7,1595.7
2004-07-16,1598.5,1636.6,1597.85,1633.6
2004-07-19,1641.05,1670.0,1641.05,1656.95
2004-07-20,1658.4,1658.45,1645.2,1647.05
2004-07-21,1656.0,1669.1,1650.75,1661.3
2004-07-22,1671.45,1686.35,1667.9,1671.15
2004-07-23,1675.0,1687.4,1671.4,1685.4
2004-07-26,1682.5,1696.0,1677.25,1687.5
2004-07-27,1691.1,1697.9,1661.8,1663.9
2004-07-28,1665.6,1673.9,1657.7,1663.55
2004-07-29,1666.1,1685.0,1666.1,1681.95
2004-07-30,1684.2,1706.95,1684.2,1697.75
2004-08-02,1705.1,1710.9,1696.8,1698.75
2004-08-03,1702.7,1715.6,1698.3,1701.45
2004-08-04,1703.5,1718.8,1701.35,1707.5
2004-08-05,1712.6,1738.4,1712.6,1737.55
2004-08-06,1740.55,1753.0,1726.15,1730.65
2004-08-09,1732.3,1740.8,1725.15,1738.9
2004-08-10,1746.45,1761.7,1746.45,1757.65
2004-08-11,1760.85,1767.2,1724.15,1728.0
2004-08-12,1727.1,1741.7,1707.2,1714.5
2004-08-13,1715.7,1736.9,1712.9,1732.35
2004-08-16,1732.75,1744.05,1729.0,1733.75
2004-08-17,1736.1,1762.15,1736.1,1756.45
2004-08-18,1759.7,1770.1,1746.25,1749.5
2004-08-19,1757.25,1768.35,1757.25,1766.55
2004-08-20,1766.75,1770.75,1753.8,1757.85
2004-08-23,1757.85,1763.95,1736.8,1738.25
2004-08-24,1737.8,1764.05,1737.8,1762.3
2004-08-25,1764.9,1774.45,1760.5,1762.65
2004-08-26,1767.45,1790.9,1767.45,1788.85
2004-08-27,1796.1,1809.4,1796.1,1806.55
2004-08-30,1807.0,1852.2,1807.0,1850.7
2004-08-31,1851.95,1867.3,1849.7,1864.4
2004-09-01,1871.5,1891.15,1871.5,1882.6
2004-09-02,1885.1,1899.65,1865.65,1869.0
2004-09-03,1870.3,1886.1,1866.3,1883.8
2004-09-06,1891.1,1915.45,1891.1,1911.0
2004-09-07,1911.55,1925.35,1911.55,1917.9
2004-09-08,1919.65,1937.0,1919.65,1928.1
2004-09-09,1931.5,1939.25,1897.95,1904.45
2004-09-10,1906.0,1918.6,1904.2,1918.55
2004-09-13,1922.85,1936.5,1921.7,1924.55
2004-09-14,1926.95,1930.9,1915.65,1917.65
2004-09-15,1918.2,1928.7,1904.75,1910.55
2004-09-16,1910.15,1931.3,1910.15,1930.4
2004-09-17,1933.8,1947.0,1933.7,1935.8
2004-09-20,1941.55,1951.55,1929.6,1931.45
2004-09-21,1934.4,1943.25,1932.95,1941.55
2004-09-22,1947.95,1954.4,1944.15,1950.0
2004-09-23,1949.15,1969.75,1943.2,1945.65
2004-09-24,1948.95,1975.1,1948.95,1965.45
2004-09-27,1975.4,1985.2,1966.05,1968.8
2004-09-28,1974.55,1985.5,1957.45,1959.95
2004-09-29,1969.25,1978.8,1961.15,1976.45
2004-09-30,1982.15,2002.15,1982.15,1993.1
2004-10-01,1991.85,2002.7,1984.25,2001.5
2004-10-04,2011.95,2030.75,2011.95,2020.15
2004-10-05,2022.0,2032.65,2017.95,2029.8
2004-10-06,2036.85,2058.1,2023.65,2027.3
2004-10-07,2030.9,2048.7,2030.9,2042.4
2004-10-08,2044.45,2057.85,2044.45,2056.2
2004-10-09,2056.85,2077.6,2056.85,2075.7
2004-10-11,2083.35,2093.85,2049.55,2054.3
2004-10-12,2056.7,2067.25,2012.8,2014.55
2004-10-14,2014.15,2015.15,1988.95,2010.4
2004-10-15,2011.3,2027.1,2000.9,2004.3
2004-10-18,2014.35,2025.6,1999.25,2002.95
2004-10-19,2011.1,2017.15,2002.55,2013.1
2004-10-20,2013.05,2029.05,2002.75,2004.7
2004-10-21,2005.95,2013.35,1996.65,1999.65
2004-10-25,2001.05,2001.05,1962.35,1964.9
2004-10-26,1966.45,1982.1,1962.4,1979.5
2004-10-27,1987.7,2009.35,1987.7,2001.25
2004-10-28,2010.15,2027.85,2010.15,2021.65
2004-10-29,2026.55,2028.75,2015.5,2016.9
2004-11-01,2022.15,2027.95,2015.75,2026.25
2004-11-02,2026.5,2051.35,2026.5,2049.55
2004-11-03,2055.8,2088.25,2055.8,2086.45
2004-11-04,2094.75,2111.25,2094.75,2097.85
2004-11-05,2099.8,2104.75,2096.45,2101.0
2004-11-08,2106.8,2123.75,2106.8,2110.0
2004-11-09,2113.95,2122.55,2100.0,2103.0
2004-11-10,2109.0,2135.25,2109.0,2134.0
2004-11-11,2135.55,2150.25,2135.55,2141.45
2004-11-12,2151.65,2160.2,2151.65,2155.25
2004-11-16,2158.9,2167.35,2145.25,2165.95
2004-11-17,2170.35,2197.85,2170.35,2193.85
2004-11-18,2199.35,2222.3,2199.35,2218.45
2004-11-19,2222.7,2240.05,2199.95,2202.35
2004-11-22,2202.05,2236.35,2179.2,2234.55
2004-11-23,2238.2,2275.85,2238.2,2259.6
2004-11-24,2266.15,2282.4,2266.15,2274.05
2004-11-25,2278.8,2303.05,2270.2,2276.45
2004-11-29,2276.7,2303.1,2276.7,2300.7
2004-11-30,2308.65,2324.95,2266.1,2272.0
2004-12-01,2274.35,2281.7,2235.7,2266.55
2004-12-02,2275.85,2296.7,2275.85,2289.45
2004-12-03,2289.4,2303.65,2282.85,2292.55
2004-12-06,2300.75,2324.65,2300.75,2310.0
2004-12-07,2310.2,2332.7,2310.2,2321.55
2004-12-08,2325.8,2357.85,2321.25,2325.1
2004-12-09,2329.9,2344.0,2327.55,2338.3
2004-12-10,2339.5,2363.9,2338.75,2343.4
2004-12-13,2346.1,2382.0,2346.1,2380.25
2004-12-14,2385.0,2409.95,2385.0,2408.9
2004-12-15,2410.6,2433.85,2410.6,2415.05
2004-12-16,2419.65,2429.25,2402.8,2420.75
2004-12-17,2427.0,2447.9,2421.1,2425.05
2004-12-20,2428.5,2464.65,2428.5,2460.05
2004-12-21,2477.05,2490.8,2477.05,2483.7
2004-12-22,2492.5,2501.8,2462.45,2465.3
2004-12-23,2468.95,2500.75,2468.95,2495.5
2004-12-24,2508.1,2522.25,2508.1,2514.6
2004-12-27,2519.15,2541.7,2504.95,2531.85
2004-12-28,2539.3,2568.25,2539.3,2565.0
2004-12-29,2580.3,2591.7,2531.95,2545.45
2004-12-30,2556.75,2578.25,2536.55,2543.0
2004-12-31,2553.15,2596.6,2553.15,2595.45
2005-01-03,2616.5,2648.95,2616.5,2645.95
2005-01-04,2660.45,2669.45,2645.95,2654.1
2005-01-05,2654.5,2666.65,2482.0,2565.3
2005-01-06,2567.3,2581.3,2479.35,2530.0
2005-01-07,2535.9,2584.3,2535.9,2579.4
2005-01-10,2589.4,2643.05,2587.75,2594.9
2005-01-11,2591.85,2604.3,2521.4,2527.05
2005-01-12,2524.15,2536.75,2416.1,2423.25
2005-01-13,2442.95,2514.5,2442.95,2506.5
2005-01-14,2520.85,2528.05,2481.05,2490.9
2005-01-17,2503.1,2510.05,2443.85,2474.2
2005-01-18,2485.55,2513.55,2483.5,2491.4
2005-01-19,2499.9,2509.1,2483.25,2486.3
2005-01-20,2484.35,2484.35,2447.4,2466.3
2005-01-24,2472.65,2476.35,2450.75,2454.3
2005-01-25,2455.2,2479.7,2439.05,2477.9
2005-01-27,2493.45,2534.0,2493.45,2530.4
2005-01-28,2538.0,2569.3,2538.0,2565.95
2005-01-31,2583.8,2611.9,2583.8,2608.85
2005-02-01,2609.1,2640.5,2597.2,2635.4
2005-02-02,2636.2,2670.4,2636.2,2654.05
2005-02-03,2655.05,2698.55,2655.05,2695.7
2005-02-04,2710.9,2724.95,2682.8,2699.45
2005-02-07,2712.15,2733.05,2703.4,2708.9
2005-02-08,2711.85,2730.25,2708.25,2720.4
2005-02-09,2735.55,2780.8,2735.55,2775.35
2005-02-10,2786.1,2800.8,2764.9,2770.05
2005-02-11,2771.9,2802.0,2771.9,2783.9
2005-02-14,2781.55,2817.15,2781.55,2787.95
2005-02-15,2796.2,2797.85,2752.2,2759.4
2005-02-16,2762.1,2793.5,2736.85,2743.7
2005-02-17,2746.75,2746.75,2720.0,2736.25
2005-02-18,2741.85,2767.9,2728.9,2735.55
2005-02-21,2747.95,2755.6,2722.4,2726.1
2005-02-22,2727.65,2737.75,2709.05,2735.35
2005-02-23,2738.45,2773.15,2737.15,2752.6
2005-02-24,2764.95,2777.3,2749.35,2753.05
2005-02-25,2763.85,2772.05,2725.75,2730.5
2005-02-28,2743.15,2768.75,2734.85,2758.2
2005-03-01,2768.4,2771.25,2752.6,2759.05
2005-03-02,2770.4,2808.4,2770.4,2806.15
2005-03-03,2808.65,2848.8,2808.65,2847.05
2005-03-04,2861.4,2880.5,2847.55,2872.7
2005-03-07,2872.95,2911.9,2872.95,2895.15
2005-03-08,2902.05,2927.45,2902.05,2915.85
2005-03-09,2922.85,2937.0,2856.35,2878.7
2005-03-10,2884.05,2911.75,2876.6,2907.25
2005-03-11,2915.1,2949.5,2911.05,2917.15
2005-03-14,2921.95,2938.65,2900.7,2903.55
2005-03-15,2918.5,2932.9,2896.85,2904.35
2005-03-16,2912.85,2946.5,2912.85,2916.8
2005-03-17,2922.25,2925.6,2872.8,2879.3
2005-03-18,2879.3,2897.2,2817.9,2862.7
2005-03-21,2869.45,2894.15,2868.75,2871.8
2005-03-22,2874.85,2879.1,2807.45,2814.75
2005-03-23,2818.25,2834.75,2731.2,2739.65
2005-03-24,2754.05,2763.35,2699.45,2711.55
2005-03-28,2716.05,2754.6,2716.05,2738.75
2005-03-29,2738.6,2742.2,2666.3,2677.75
2005-03-30,2687.5,2730.75,2672.9,2718.2
2005-03-31,2724.25,2789.25,2724.25,2782.3
2005-04-01,2784.55,2862.25,2784.55,2856.6
2005-04-04,2866.3,2902.55,2866.3,2884.75
2005-04-05,2897.95,2902.9,2849.25,2854.75
2005-04-06,2862.5,2888.8,2862.5,2884.9
2005-04-07,2901.4,2915.5,2880.8,2887.2
2005-04-08,2899.9,2904.45,2859.6,2869.3
2005-04-11,2875.05,2875.05,2830.05,2842.8
2005-04-12,2851.35,2872.95,2850.1,2864.2
2005-04-13,2867.55,2888.9,2861.05,2868.75
2005-04-15,2862.65,2862.65,2789.15,2795.45
2005-04-18,2768.65,2776.8,2732.7,2764.65
2005-04-19,2763.75,2807.15,2746.3,2752.05
2005-04-20,2747.8,2771.2,2729.55,2764.2
2005-04-21,2752.9,2806.0,2752.9,2805.4
2005-04-22,2813.45,2847.8,2813.45,2844.3
2005-04-25,2852.1,2866.6,2840.85,2853.9
2005-04-26,2855.0,2879.45,2850.95,2855.45
2005-04-27,2852.0,2859.45,2819.5,2826.25
2005-04-28,2826.65,2844.95,2810.85,2818.0
2005-04-29,2816.4,2823.85,2769.1,2774.3
2005-05-02,2784.3,2797.5,2742.65,2751.9
2005-05-03,2756.25,2774.9,2752.2,2762.9
2005-05-04,2767.15,2797.5,2767.15,2794.8
2005-05-05,2817.05,2848.6,2817.05,2836.1
2005-05-06,2850.65,2850.65,2827.3,2840.8
2005-05-09,2846.85,2882.3,2846.85,2881.25
2005-05-10,2883.5,2899.7,2876.25,2880.85
2005-05-11,2881.75,2894.7,2872.85,2884.55
2005-05-12,2890.15,2923.95,2890.15,2918.1
2005-05-13,2927.5,2947.35,2923.25,2939.8
2005-05-16,2952.75,2979.65,2952.75,2974.8
2005-05-17,2978.45,2997.0,2941.6,2948.2
2005-05-18,2946.75,2969.5,2926.1,2965.25
2005-05-19,2989.25,3008.7,2981.25,2986.15
2005-05-20,2995.6,3000.85,2975.25,2979.05
2005-05-23,2991.2,3000.05,2988.8,2991.6
2005-05-24,2995.55,3004.05,2988.45,2996.65
2005-05-25,2997.7,3017.9,2995.9,3010.5
2005-05-26,3017.2,3029.1,3006.45,3009.35
2005-05-27,3017.95,3030.15,2984.55,2992.05
2005-05-30,2999.1,3001.3,2965.1,2966.35
2005-05-31,2967.9,2986.25,2967.9,2982.0
2005-06-01,2989.95,3013.65,2989.95,3010.25
2005-06-02,3013.75,3024.2,2987.1,2990.8
2005-06-03,2998.0,3008.4,2990.5,3006.75
2005-06-04,3012.05,3021.75,3005.6,3019.2
2005-06-06,3027.75,3053.0,3027.75,3036.65
2005-06-07,3045.95,3056.55,3039.75,3046.4
2005-06-08,3056.95,3078.65,3052.4,3059.0
2005-06-09,3066.9,3084.4,3065.95,3076.6
2005-06-10,3090.9,3097.85,3056.0,3063.85
2005-06-13,3068.9,3076.2,3050.3,3065.45
2005-06-14,3073.5,3088.5,3071.0,3082.9
2005-06-15,3083.8,3108.55,3083.8,3096.15
2005-06-16,3106.8,3106.85,3048.65,3050.6
2005-06-17,3054.85,3061.35,2990.1,3005.5
2005-06-20,3028.75,3033.65,2978.55,2983.15
2005-06-21,2992.0,2997.8,2971.15,2991.8
2005-06-22,2996.3,3020.3,2986.65,2995.2
2005-06-23,3000.65,3010.25,2988.8,3006.75
2005-06-24,3004.15,3037.5,2994.45,3029.15
2005-06-27,3034.1,3054.8,3014.75,3018.8
2005-06-28,3026.9,3036.95,2960.1,2963.45
2005-06-29,2973.1,2993.9,2966.45,2991.05
2005-06-30,2995.55,3012.95,2986.55,2991.95
2005-07-01,2994.65,3037.55,2993.95,3034.75
2005-07-04,3037.85,3085.5,3037.85,3084.0
2005-07-05,3092.75,3117.25,3076.4,3082.3
2005-07-06,3103.15,3132.45,3103.15,3128.0
2005-07-07,3130.3,3150.55,3084.7,3094.6
2005-07-08,3108.85,3147.3,3108.85,3144.8
2005-07-11,3153.65,3192.45,3153.65,3190.65
2005-07-12,3195.4,3210.4,3161.6,3195.75
2005-07-13,3210.8,3233.35,3208.6,3216.45
2005-07-14,3226.45,3234.25,3202.35,3206.4
2005-07-15,3208.15,3239.85,3208.15,3239.15
