Date,Open,High,Low,Last,Close,Total Trade Quantity,Turnover (Lacs)
2013-07-23,290.0,290.0,275.5,288.9,285.25,703001.0,1951.66
2013-07-24,285.0,285.0,271.0,271.0,271.0,193768.0,526.13
2013-07-25,265.0,265.0,257.45,257.45,257.45,35086.0,90.38
2013-07-26,244.6,244.6,244.6,244.6,244.6,56142.0,137.32
2013-07-29,233.0,234.15,232.4,232.4,232.4,396037.0,920.43
2013-07-30,220.8,220.8,220.8,220.8,220.8,14543.0,32.11
2013-07-31,209.8,209.8,209.8,209.8,209.8,39171.0,82.18
2013-08-01,193.65,213.95,193.65,202.1,204.65,1474002.0,2957.12
2013-08-02,201.0,209.3,194.45,205.25,205.25,424512.0,856.55
2013-08-05,212.0,212.0,199.0,207.0,205.95,242571.0,495.85
2013-08-06,204.0,204.0,186.1,202.5,198.55,395623.0,775.14
2013-08-07,198.0,204.65,190.75,195.7,196.35,782070.0,1539.18
2013-08-08,193.1,198.9,193.1,196.05,195.1,882982.0,1724.82
2013-08-12,203.5,203.5,191.0,191.0,192.4,367325.0,721.45
2013-08-13,193.3,197.0,188.1,190.45,191.2,929674.0,1782.88
2013-08-14,190.2,207.0,188.0,202.6,201.75,604375.0,1169.79
2013-08-16,204.0,204.0,184.15,190.5,189.1,469024.0,892.41
2013-08-19,182.2,193.6,182.2,191.25,191.6,177591.0,338.31
2013-08-20,189.95,192.7,180.5,191.9,189.95,725839.0,1364.83
2013-08-21,191.0,196.7,186.3,192.0,191.6,134334.0,256.54
2013-08-22,190.5,196.0,186.25,195.0,193.15,186715.0,357.2
2013-08-23,196.9,213.7,192.25,210.55,209.75,275549.0,571.54
2013-08-26,203.0,212.9,201.2,202.0,203.7,209082.0,430.47
2013-08-27,204.0,204.0,186.3,189.0,192.3,513030.0,980.07
2013-08-28,190.85,190.85,177.15,183.8,186.05,578741.0,1066.19
2013-08-29,187.0,197.0,177.0,192.1,193.9,540903.0,1012.67
2013-08-30,190.0,204.9,183.2,199.0,197.05,851574.0,1622.16
2013-09-02,197.0,201.15,190.45,192.25,192.8,147231.0,288.53
2013-09-03,193.5,200.8,183.0,190.7,189.25,453528.0,863.3
2013-09-04,188.3,193.5,184.05,190.0,189.95,90070.0,171.39
2013-09-05,197.95,204.7,191.0,202.9,203.2,213263.0,423.47
2013-09-06,201.7,211.9,200.5,206.0,209.35,149259.0,308.55
2013-09-10,204.55,218.85,204.55,213.5,211.15,227146.0,481.84
2013-09-11,216.5,216.5,210.25,213.3,212.9,91692.0,195.1
2013-09-12,217.0,217.0,205.3,205.95,207.05,102150.0,214.84
2013-09-13,207.8,210.95,200.4,209.3,209.35,155509.0,324.31
2013-09-16,211.0,212.05,203.1,211.8,210.75,119883.0,250.65
2013-09-17,204.25,210.0,204.25,207.0,208.2,31773.0,66.05
2013-09-18,209.75,210.85,200.25,201.95,203.55,143043.0,290.34
2013-09-19,208.0,231.9,206.1,224.0,225.45,694866.0,1542.52
2013-09-20,224.95,224.95,201.0,215.0,214.1,1332786.0,2820.46
2013-09-23,210.0,213.35,190.35,190.5,192.25,868156.0,1706.17
2013-09-24,193.75,195.8,178.35,180.5,180.85,862283.0,1592.86
2013-09-25,180.0,185.0,165.25,179.1,180.55,1517711.0,2710.31
2013-09-26,180.0,187.35,180.0,182.3,183.05,519650.0,950.36
2013-09-27,184.8,184.9,180.35,181.75,181.65,192264.0,349.47
2013-09-30,180.0,184.0,175.4,181.0,182.85,280838.0,507.78
2013-10-01,180.1,187.95,180.1,186.0,186.85,447744.0,824.13
2013-10-03,186.0,203.7,185.25,197.65,198.9,310106.0,606.33
2013-10-04,198.9,199.0,194.15,194.7,195.15,115050.0,225.57
2013-10-07,195.45,201.4,188.5,198.0,198.6,342360.0,660.07
2013-10-08,199.7,203.4,192.55,193.35,194.15,226287.0,445.87
2013-10-09,193.4,198.55,189.3,195.0,196.5,900576.0,1721.45
2013-10-10,196.8,198.9,192.5,192.55,194.15,131599.0,258.14
2013-10-11,194.8,198.95,194.2,195.5,195.7,1274096.0,2496.17
2013-10-14,196.0,200.0,194.25,197.0,197.0,221542.0,436.25
2013-10-15,197.0,201.0,187.05,187.45,188.55,360440.0,696.29
2013-10-17,188.5,194.3,188.5,194.3,192.35,295532.0,564.61
2013-10-18,193.75,195.4,188.6,190.95,190.3,665999.0,1277.43
2013-10-21,190.95,194.9,189.1,189.5,189.7,313845.0,601.94
2013-10-22,191.4,195.8,189.05,192.0,193.2,1709860.0,3283.42
2013-10-23,194.0,199.7,187.2,189.0,190.9,2298436.0,4431.31
2013-10-24,191.85,208.65,189.1,199.5,198.6,4722170.0,9386.77
2013-10-25,199.65,208.4,199.0,206.9,206.75,1123254.0,2297.44
2013-10-28,207.1,208.6,201.7,202.9,202.85,549169.0,1128.33
2013-10-29,203.0,219.9,202.1,217.0,218.25,1405705.0,2988.04
2013-10-30,217.6,224.0,212.0,222.7,222.15,643391.0,1414.92
2013-10-31,216.0,217.95,210.1,212.9,213.8,714208.0,1533.57
2013-11-01,215.9,218.4,208.65,213.0,213.55,869870.0,1860.7
2013-11-03,215.0,219.3,214.0,215.8,217.65,230297.0,499.77
2013-11-05,217.85,229.0,212.0,227.0,225.7,837432.0,1859.68
2013-11-06,226.05,230.0,223.0,226.8,226.65,554943.0,1259.38
2013-11-07,227.0,227.0,212.35,216.0,217.35,1043955.0,2288.67
2013-11-08,217.0,220.0,212.05,217.3,217.1,386972.0,842.91
2013-11-11,217.0,220.0,208.0,213.9,214.4,635550.0,1358.73
2013-11-12,215.0,218.3,208.35,209.7,210.8,271925.0,583.83
2013-11-13,209.25,214.0,207.2,213.0,212.3,389276.0,821.37
2013-11-14,213.05,219.7,213.0,216.0,215.6,280922.0,609.11
2013-11-18,216.65,219.9,215.35,218.5,217.8,285260.0,622.19
2013-11-19,218.0,226.2,216.3,226.0,223.85,666381.0,1473.74
2013-11-20,226.5,229.5,217.55,223.0,220.5,428182.0,957.38
2013-11-21,222.3,238.05,215.1,224.5,223.4,963290.0,2196.22
2013-11-22,224.0,231.3,221.6,226.0,224.9,324205.0,733.91
2013-11-25,226.75,231.65,223.2,225.5,225.65,373021.0,845.73
2013-11-26,227.1,227.1,221.05,221.8,222.5,329848.0,737.96
2013-11-27,222.85,224.3,218.0,219.8,219.2,156796.0,344.81
2013-11-28,220.75,227.9,218.55,219.35,219.8,371123.0,823.84
2013-11-29,220.75,224.75,219.8,223.25,223.45,432443.0,965.54
2013-12-02,224.65,237.7,223.5,234.0,234.4,657160.0,1521.92
2013-12-03,233.5,236.5,227.5,230.85,231.0,464869.0,1077.07
2013-12-04,229.9,232.3,221.9,222.2,223.6,284208.0,642.79
2013-12-05,227.7,227.7,218.5,219.5,220.65,1002831.0,2234.98
2013-12-06,218.1,222.4,215.0,215.75,216.45,367200.0,799.93
2013-12-09,220.0,223.9,215.6,219.1,221.2,305997.0,674.54
2013-12-10,221.95,236.7,218.05,236.0,234.55,1370929.0,3169.69
2013-12-11,236.0,236.0,226.1,227.0,227.75,274030.0,629.49
2013-12-12,225.75,234.95,223.5,232.3,232.25,406719.0,938.17
2013-12-13,226.1,232.5,223.0,224.7,223.9,159790.0,362.21
2013-12-16,221.25,227.5,221.0,225.3,225.35,91377.0,205.68
2013-12-17,226.6,229.0,218.25,221.6,221.1,138729.0,308.28
2013-12-18,221.5,225.8,220.25,224.0,223.45,157073.0,351.3
2013-12-19,224.6,225.7,216.7,217.25,217.5,258561.0,567.89
2013-12-20,217.75,226.9,217.25,225.0,225.0,404864.0,896.87
2013-12-23,225.5,243.5,225.5,240.75,239.9,688839.0,1634.57
2013-12-24,242.0,251.75,240.55,243.9,244.8,578960.0,1423.34
2013-12-26,245.0,246.8,238.05,242.0,243.4,184134.0,446.66
2013-12-27,244.0,245.05,238.2,243.95,243.95,164783.0,399.31
2013-12-30,240.1,243.6,234.75,240.0,239.4,363318.0,863.18
2013-12-31,237.05,244.3,236.0,237.9,238.45,226398.0,542.33
2014-01-01,239.0,243.0,237.8,239.1,239.7,88996.0,213.92
2014-01-02,238.5,244.9,234.0,236.0,235.1,654062.0,1557.52
2014-01-03,233.0,241.45,228.05,239.8,239.3,259601.0,611.01
2014-01-06,239.0,242.0,236.25,238.4,238.3,107098.0,255.38
2014-01-07,238.9,241.65,235.9,239.0,238.2,198812.0,472.27
2014-01-08,239.7,254.0,236.8,245.0,245.25,592579.0,1461.47
2014-01-09,246.0,250.0,239.95,243.0,244.45,173164.0,424.19
2014-01-10,245.0,247.4,237.55,239.25,240.25,163444.0,397.26
2014-01-13,240.55,244.2,234.1,235.5,235.7,119196.0,285.02
2014-01-14,234.5,238.95,230.05,232.75,231.75,246820.0,577.24
2014-01-15,233.7,233.7,226.55,227.5,228.35,298766.0,684.07
2014-01-16,227.55,231.7,226.0,226.05,226.55,361045.0,821.52
2014-01-17,227.25,228.95,220.6,223.25,223.85,257728.0,576.36
2014-01-20,224.85,231.7,223.0,228.1,228.7,226925.0,518.59
2014-01-21,229.8,241.45,229.05,235.9,234.3,308172.0,720.84
2014-01-22,235.35,242.5,232.45,237.0,236.85,615258.0,1465.44
2014-01-23,238.0,238.2,228.75,231.0,231.3,278004.0,645.96
2014-01-24,231.0,231.0,222.1,224.95,225.7,359482.0,810.64
2014-01-27,221.4,222.8,211.0,218.0,216.25,663106.0,1424.07
2014-01-28,215.6,227.0,215.6,220.65,221.85,224509.0,499.07
2014-01-29,222.05,224.95,220.5,221.0,221.25,142875.0,317.76
2014-01-30,212.05,214.25,203.0,206.35,205.8,328047.0,683.64
2014-01-31,205.1,208.7,204.2,206.15,206.3,409172.0,845.27
2014-02-03,205.7,206.7,200.05,201.95,202.0,347672.0,704.09
2014-02-04,199.65,203.5,197.3,200.5,200.5,345354.0,690.61
2014-02-05,200.5,203.95,199.0,200.3,200.7,148053.0,297.94
2014-02-06,201.0,205.0,200.0,200.7,200.55,179929.0,363.63
2014-02-07,203.7,205.8,200.0,204.9,203.25,1042917.0,2095.31
2014-02-10,204.0,207.25,198.0,198.5,199.85,165714.0,335.78
2014-02-11,201.35,202.25,195.5,196.5,197.0,232763.0,463.87
2014-02-12,196.1,200.5,196.1,196.5,196.25,202301.0,399.84
2014-02-13,197.4,198.35,190.2,191.85,192.1,344971.0,664.88
2014-02-14,192.9,194.35,189.0,191.25,190.9,287891.0,553.95
2014-02-17,191.85,194.0,187.05,193.0,192.2,84483.0,161.33
2014-02-18,192.85,194.95,187.5,191.05,191.95,375046.0,717.99
2014-02-19,191.95,193.35,190.1,190.5,190.85,419333.0,802.72
2014-02-20,189.75,192.0,188.0,189.9,190.05,445039.0,849.11
2014-02-21,190.05,195.45,190.0,192.05,191.9,734541.0,1412.29
2014-02-24,193.0,193.0,188.0,188.15,188.95,519403.0,992.43
2014-02-25,189.75,199.0,189.75,197.0,196.85,2870187.0,5541.89
2014-02-26,195.3,201.0,193.2,195.0,195.75,463850.0,909.37
2014-02-28,195.75,195.75,189.0,191.5,191.55,500610.0,963.13
2014-03-03,191.4,193.95,188.8,188.85,189.4,160064.0,306.62
2014-03-04,189.8,193.2,189.35,192.25,192.2,170836.0,327.58
2014-03-05,193.5,196.45,191.25,193.0,193.3,312644.0,605.4
2014-03-06,193.25,204.8,191.5,204.0,202.95,1026030.0,2040.82
2014-03-07,204.0,212.0,202.1,205.95,206.9,739283.0,1525.86
2014-03-10,205.0,206.2,192.65,202.0,202.8,748394.0,1489.19
2014-03-11,201.5,206.75,198.65,199.8,199.8,463775.0,942.18
2014-03-12,199.0,205.9,197.55,202.5,201.65,409095.0,822.51
2014-03-13,201.2,226.3,199.95,214.95,214.8,1537706.0,3328.98
2014-03-14,213.1,216.6,206.7,214.95,213.1,598226.0,1268.96
2014-03-18,214.7,220.25,213.6,219.95,219.65,427471.0,933.5
2014-03-19,220.15,223.95,218.5,222.4,221.45,378433.0,839.98
2014-03-20,220.45,223.0,215.1,218.35,216.15,1054899.0,2317.67
2014-03-21,219.0,223.9,216.1,218.65,218.85,953851.0,2098.07
2014-03-22,219.8,221.35,217.75,218.0,218.3,13150.0,28.75
2014-03-24,219.75,221.0,216.0,217.6,218.4,124918.0,273.01
2014-03-25,217.7,218.9,210.55,213.0,211.15,448734.0,957.15
2014-03-26,213.0,224.7,199.95,220.3,220.65,1638739.0,3453.32
2014-03-27,222.75,236.25,221.0,236.25,234.05,759041.0,1743.38
2014-03-28,233.0,238.7,227.8,230.0,229.95,280753.0,649.71
2014-03-31,234.0,240.0,230.1,235.0,237.55,519178.0,1222.86
2014-04-01,240.0,243.05,235.0,239.0,238.65,1145570.0,2741.34
2014-04-02,240.1,241.5,232.25,241.0,239.3,225360.0,533.9
2014-04-03,239.0,239.7,230.2,236.5,236.3,295119.0,695.06
2014-04-04,236.5,247.0,232.3,245.0,244.15,397556.0,963.54
2014-04-07,246.2,252.5,243.5,246.1,246.6,309869.0,769.36
2014-04-09,246.2,251.15,246.0,249.35,250.1,271289.0,677.02
2014-04-10,251.0,280.2,251.0,280.2,273.4,1109100.0,2970.61
2014-04-11,276.95,289.3,271.15,278.05,277.6,1111724.0,3114.85
2014-04-15,278.05,288.7,274.1,286.0,286.15,3125603.0,8776.77
2014-04-16,287.9,289.7,280.5,285.45,284.6,715206.0,2031.93
2014-04-17,285.0,287.5,281.2,283.0,285.6,596746.0,1703.84
2014-04-21,285.0,292.3,276.8,277.65,279.15,583500.0,1673.31
2014-04-22,279.95,288.25,279.65,286.3,285.55,236066.0,673.61
2014-04-23,286.0,293.7,256.1,273.05,276.35,2452454.0,6749.16
2014-04-25,276.15,279.5,268.5,270.5,269.95,369386.0,1006.5
2014-04-28,272.0,309.5,270.1,302.0,300.65,2256410.0,6583.17
2014-04-29,303.9,318.45,297.85,305.5,305.4,2200248.0,6759.23
2014-04-30,307.75,314.8,289.0,300.6,299.05,813001.0,2479.71
2014-05-02,302.0,306.95,292.5,299.45,299.45,596169.0,1802.55
2014-05-05,299.0,307.75,299.0,303.0,305.7,275989.0,839.08
2014-05-06,301.0,301.0,292.05,294.0,293.9,182406.0,539.37
2014-05-07,291.0,293.0,281.0,286.75,287.0,182031.0,524.08
2014-05-08,281.0,292.0,281.0,287.15,287.45,247182.0,712.93
2014-05-09,285.0,287.9,281.1,284.0,284.65,426117.0,1215.01
2014-05-12,284.8,296.0,284.0,288.0,288.9,724725.0,2112.89
2014-05-13,292.0,295.75,289.5,290.95,290.95,429834.0,1252.49
2014-05-14,292.0,317.0,290.6,309.45,314.4,1913529.0,5902.89
2014-05-15,313.0,325.9,309.1,319.7,320.0,1282477.0,4102.46
2014-05-16,300.3,366.7,300.3,339.05,335.65,1603318.0,5570.78
2014-05-19,340.0,367.35,337.85,366.35,363.45,355957.0,1262.15
2014-05-20,366.9,381.85,360.0,363.5,363.4,415551.0,1522.87
2014-05-21,363.9,399.0,363.9,393.7,395.1,1311241.0,5037.29
2014-05-22,398.5,402.5,388.35,395.1,394.95,490088.0,1945.03
2014-05-23,394.95,406.0,385.75,398.3,399.95,1665664.0,6673.64
2014-05-26,402.25,407.95,371.0,383.5,379.1,614947.0,2409.71
2014-05-27,376.55,389.7,360.1,365.0,365.25,739901.0,2742.56
2014-05-28,366.5,393.5,366.5,385.0,388.15,457883.0,1757.57
2014-05-29,390.0,390.0,371.15,381.0,376.65,834402.0,3179.31
2014-05-30,377.4,393.0,377.4,388.0,390.85,636706.0,2480.02
2014-06-02,394.3,394.8,388.8,391.0,391.35,1275803.0,5014.99
2014-06-03,392.4,393.5,388.55,391.15,390.6,345571.0,1351.85
2014-06-04,393.0,396.65,384.15,390.0,391.75,661147.0,2586.56
2014-06-05,393.5,394.8,381.8,387.5,384.6,420981.0,1629.41
2014-06-06,387.0,394.0,385.1,388.2,388.55,761428.0,2964.24
2014-06-09,391.0,398.25,387.0,390.9,391.5,754072.0,2984.82
2014-06-10,393.0,393.5,381.2,382.7,383.15,118678.0,456.28
2014-06-11,385.0,389.8,379.45,382.5,382.2,173965.0,669.65
2014-06-12,384.0,390.2,381.95,383.0,383.65,181708.0,703.22
2014-06-13,385.0,386.8,365.55,367.0,369.45,105109.0,393.52
2014-06-16,368.5,374.25,359.5,363.25,365.05,584111.0,2139.7
2014-06-17,363.95,373.0,363.0,370.0,371.1,164251.0,608.32
2014-06-18,373.0,374.45,365.9,368.0,368.95,226088.0,837.68
2014-06-19,370.8,373.3,360.8,360.9,362.15,90403.0,329.96
2014-06-20,366.0,366.0,353.0,353.1,354.65,373815.0,1340.3
2014-06-23,356.8,364.7,352.7,359.9,355.8,180425.0,646.18
2014-06-24,357.1,368.0,357.1,364.0,365.35,748126.0,2733.46
2014-06-25,370.6,403.0,370.0,380.0,379.8,698661.0,2713.96
2014-06-26,381.8,390.95,380.15,385.0,385.5,413819.0,1595.11
2014-06-27,388.3,389.85,375.5,380.0,382.15,205678.0,786.77
2014-06-30,383.0,384.6,373.3,379.95,380.05,183061.0,696.32
2014-07-01,385.5,385.95,380.05,381.95,382.15,110157.0,421.94
2014-07-02,387.95,393.6,381.3,385.55,386.7,254932.0,990.82
2014-07-03,390.0,391.4,370.2,371.1,371.75,580199.0,2206.21
2014-07-04,373.6,376.0,368.35,372.0,371.85,336003.0,1254.92
2014-07-07,375.95,378.75,373.05,374.55,375.05,495396.0,1864.09
2014-07-08,377.9,380.95,351.0,352.4,355.9,550703.0,2013.96
2014-07-09,355.5,360.95,338.3,355.0,356.1,537586.0,1882.06
2014-07-10,352.5,381.8,352.0,367.95,370.55,837158.0,3097.32
2014-07-11,374.0,382.5,362.6,370.1,370.35,735038.0,2747.68
2014-07-14,370.0,373.7,362.35,363.0,363.9,488839.0,1798.02
2014-07-15,368.1,368.1,363.0,363.9,364.0,908629.0,3308.57
2014-07-16,368.8,377.85,363.75,372.0,370.5,538668.0,1993.06
2014-07-17,371.0,373.4,367.0,367.0,367.8,205179.0,756.11
2014-07-18,366.9,378.0,362.45,373.55,373.25,1211874.0,4496.38
2014-07-21,375.0,378.3,358.45,360.5,360.9,889146.0,3281.1
2014-07-22,365.1,370.0,361.85,364.2,364.05,720682.0,2639.51
2014-07-23,365.95,366.95,359.0,361.65,360.55,1001606.0,3634.09
2014-07-24,361.0,371.0,361.0,369.0,368.1,330879.0,1213.9
2014-07-25,378.3,409.75,374.0,392.05,391.9,1858966.0,7324.19
2014-07-28,394.9,429.4,388.0,416.15,420.5,1942327.0,7912.78
2014-07-30,418.0,426.0,401.2,405.5,405.5,698557.0,2853.96
2014-07-31,406.3,415.0,400.6,409.1,410.1,497035.0,2032.18
2014-08-01,405.0,405.85,394.15,396.6,396.75,708042.0,2831.1
2014-08-04,393.7,397.25,385.0,392.55,394.1,281453.0,1104.2
2014-08-05,394.5,404.8,391.5,401.35,401.45,532459.0,2126.51
2014-08-06,401.45,407.8,395.3,399.55,397.5,295644.0,1188.54
2014-08-07,400.0,400.0,392.75,395.0,394.5,221499.0,875.68
2014-08-08,390.0,398.45,380.0,391.9,389.6,260844.0,1017.89
2014-08-11,397.0,398.0,389.6,389.6,391.65,321188.0,1260.22
2014-08-12,394.9,395.0,388.25,389.0,389.45,235355.0,920.27
2014-08-13,390.05,393.95,372.3,384.0,382.95,441301.0,1693.88
2014-08-14,384.0,391.0,380.05,386.85,388.75,567478.0,2189.64
2014-08-18,388.75,399.8,383.2,385.5,387.3,1054284.0,4121.44
2014-08-19,388.45,406.95,385.1,393.85,393.9,2018009.0,8007.07
2014-08-20,397.6,400.1,391.5,392.25,394.8,1053481.0,4167.95
2014-08-21,394.85,401.0,393.1,394.0,394.45,1032404.0,4091.54
2014-08-22,395.0,399.25,384.65,385.4,385.0,723047.0,2807.61
2014-08-25,388.65,392.5,384.35,387.7,386.15,337159.0,1308.61
2014-08-26,387.0,387.35,375.3,380.0,379.95,614601.0,2335.38
2014-08-27,378.1,387.7,372.35,374.8,374.6,623327.0,2364.03
2014-08-28,379.9,383.75,375.0,381.0,377.5,878967.0,3340.47
2014-09-01,381.2,399.7,380.1,389.5,388.95,1644127.0,6408.63
2014-09-02,392.0,393.65,386.0,389.0,389.9,1444601.0,5631.44
2014-09-03,391.5,401.75,389.35,394.55,396.4,1287906.0,5098.27
2014-09-04,393.6,406.25,390.1,395.65,396.85,869103.0,3454.96
2014-09-05,396.5,402.7,393.8,396.7,397.65,902804.0,3593.54
2014-09-08,397.45,402.0,392.25,392.4,395.85,1097890.0,4370.2
2014-09-09,394.2,404.75,393.3,402.8,400.5,594143.0,2362.93
2014-09-10,403.8,410.75,393.0,396.5,394.8,970859.0,3897.32
2014-09-11,396.9,409.75,396.9,407.7,407.55,1877049.0,7623.88
2014-09-12,408.0,410.9,400.5,407.0,407.3,924776.0,3750.87
2014-09-15,408.0,408.9,401.15,407.3,406.6,336668.0,1364.34
2014-09-16,408.0,414.5,396.0,401.5,401.5,834473.0,3404.16
2014-09-17,403.55,407.85,390.1,397.0,397.8,457387.0,1819.6
2014-09-18,394.0,404.6,394.0,395.5,396.4,626032.0,2505.96
2014-09-19,400.3,414.9,384.85,388.55,396.15,4248170.0,17082.06
2014-09-22,395.0,409.0,389.0,407.7,407.15,1320049.0,5287.72
2014-09-23,409.7,434.25,407.35,428.0,426.6,2612172.0,11054.66
2014-09-24,429.5,442.4,411.25,424.0,423.35,882272.0,3763.12
2014-09-25,418.0,418.0,392.7,401.0,401.4,615690.0,2476.81
2014-09-26,393.25,410.75,393.25,405.75,407.45,384023.0,1545.64
2014-09-29,408.0,408.0,398.4,399.0,399.45,274748.0,1102.92
2014-09-30,395.5,406.4,394.1,405.0,402.7,351526.0,1408.69
2014-10-01,399.0,403.85,399.0,400.55,400.25,248410.0,994.8
2014-10-07,398.1,403.0,396.15,399.0,398.7,630480.0,2527.63
2014-10-08,395.55,401.8,380.4,392.0,386.75,441641.0,1724.28
2014-10-09,390.45,402.75,390.45,402.5,400.7,546339.0,2184.77
2014-10-10,398.0,398.85,392.55,395.5,394.75,108343.0,428.68
2014-10-13,391.1,400.95,391.1,400.95,399.6,179154.0,714.5
2014-10-14,399.6,402.0,394.0,397.5,400.3,195056.0,780.14
2014-10-16,398.15,402.7,391.75,396.3,396.6,774701.0,3095.42
2014-10-17,395.3,401.0,385.3,400.0,394.9,329978.0,1288.23
2014-10-20,400.0,401.15,391.5,396.0,396.2,308503.0,1225.32
2014-10-21,399.95,402.0,396.5,399.0,398.9,347497.0,1388.01
2014-10-22,402.9,404.7,396.0,396.0,396.9,379317.0,1517.77
2014-10-23,399.4,412.2,398.15,411.0,408.7,121379.0,493.79
2014-10-27,414.6,432.9,395.1,396.7,398.2,1265664.0,5215.75
2014-10-28,412.7,415.7,392.1,398.0,397.55,1040389.0,4163.77
2014-10-29,400.0,402.9,391.0,396.55,397.9,1087972.0,4322.9
2014-10-30,399.9,404.0,395.5,401.15,401.3,554806.0,2213.54
2014-10-31,404.8,423.0,402.5,420.0,418.3,2922590.0,12011.86
2014-11-03,422.0,454.1,422.0,449.0,450.3,2818095.0,12304.57
2014-11-05,450.0,481.0,445.35,471.8,469.8,4401281.0,20272.74
2014-11-07,471.6,471.6,459.9,460.5,461.8,4333707.0,20137.9
2014-11-10,462.0,462.3,441.85,441.85,444.65,1044709.0,4675.98
2014-11-11,440.0,459.5,440.0,444.0,443.35,435404.0,1955.77
2014-11-12,445.9,465.0,445.85,461.95,463.1,659666.0,3024.49
2014-11-13,468.95,484.95,452.0,455.6,456.25,868247.0,4090.63
2014-11-14,457.95,462.0,448.1,457.75,456.95,655647.0,2992.86
2014-11-17,458.3,464.05,445.5,448.3,451.4,719983.0,3297.96
2014-11-18,452.0,454.7,445.45,450.0,449.85,517562.0,2330.7
2014-11-19,452.0,454.95,446.1,449.5,450.1,686938.0,3099.1
2014-11-20,458.0,467.7,441.5,443.4,444.25,704180.0,3167.21
2014-11-21,448.5,464.5,435.15,442.0,441.0,705015.0,3139.55
2014-11-24,443.3,456.3,443.15,450.7,450.9,2070113.0,9342.04
2014-11-25,452.0,453.5,445.0,449.5,449.05,1258875.0,5657.56
2014-11-26,449.7,449.7,441.4,444.85,444.65,660480.0,2937.52
2014-11-27,447.0,452.25,442.5,445.6,446.35,358829.0,1605.32
2014-11-28,449.5,459.6,447.7,451.0,450.75,1726033.0,7824.15
2014-12-01,451.35,466.9,448.75,450.0,450.1,1476439.0,6672.86
2014-12-02,448.7,471.7,446.3,466.0,468.5,1882480.0,8664.83
2014-12-03,472.55,475.0,458.2,459.9,460.35,1507592.0,7038.02
2014-12-04,462.5,467.5,456.0,462.7,463.15,933485.0,4320.09
2014-12-05,463.0,469.9,454.6,457.0,457.2,692877.0,3195.4
2014-12-08,455.0,456.0,447.3,451.15,450.8,517421.0,2334.42
2014-12-09,451.7,459.0,442.0,446.0,446.15,576828.0,2583.62
2014-12-10,443.2,466.0,443.2,461.2,460.7,543944.0,2491.21
2014-12-11,457.25,461.0,446.4,452.6,449.85,333045.0,1510.21
2014-12-12,451.0,463.6,441.4,444.0,443.7,573771.0,2579.3
2014-12-15,440.0,444.5,431.5,442.0,438.55,551074.0,2413.79
2014-12-16,438.55,439.1,404.8,418.0,421.0,1234576.0,5164.59
2014-12-17,418.35,439.7,401.0,438.0,436.35,1163526.0,4920.24
2014-12-18,443.9,461.8,443.9,460.0,458.2,1019602.0,4643.98
2014-12-19,466.0,466.45,450.5,452.8,455.0,755141.0,3452.74
2014-12-22,455.0,459.0,448.6,457.25,457.6,296848.0,1350.28
2014-12-23,457.65,460.85,443.05,444.5,445.15,625960.0,2804.48
2014-12-24,446.1,452.4,426.7,445.95,440.05,1050302.0,4629.9
2014-12-26,443.1,451.05,440.9,444.0,444.0,155537.0,691.4
2014-12-29,445.0,454.1,445.0,447.0,447.85,192153.0,865.16
2014-12-30,450.95,461.95,448.25,458.0,459.1,521772.0,2382.33
2014-12-31,460.9,464.0,454.55,459.55,459.85,1085125.0,4992.93
2015-01-01,457.0,461.9,452.8,455.0,454.15,193305.0,882.01
2015-01-02,455.05,495.6,455.05,479.75,480.35,3164457.0,15180.11
2015-01-05,482.1,489.7,477.2,483.3,483.4,982720.0,4749.93
2015-01-06,474.7,485.9,468.05,471.85,473.6,924579.0,4403.61
2015-01-07,475.0,502.0,472.15,502.0,497.5,1494422.0,7289.85
2015-01-08,504.6,512.4,500.25,502.0,504.65,1125803.0,5703.4
2015-01-09,505.2,507.15,488.0,492.2,495.5,1184965.0,5906.36
2015-01-12,493.1,505.5,488.35,498.45,497.6,1153424.0,5747.89
2015-01-13,499.7,506.5,486.4,493.6,492.2,1133496.0,5657.26
2015-01-14,493.15,503.25,490.0,498.0,499.45,521900.0,2596.23
2015-01-15,510.0,542.0,507.15,531.9,533.7,4525758.0,23675.58
2015-01-16,534.6,574.9,531.0,568.2,566.35,4220854.0,23769.82
2015-01-19,573.0,580.0,562.3,569.95,571.95,2866983.0,16355.86
2015-01-20,572.4,606.4,572.0,599.0,597.1,3963741.0,23555.89
2015-01-21,597.0,599.7,581.4,586.1,588.65,1643579.0,9666.81
2015-01-22,589.5,599.55,583.0,585.7,586.2,891046.0,5267.68
2015-01-23,588.4,597.8,581.6,586.1,585.85,904391.0,5321.01
2015-01-27,585.5,636.35,572.1,619.95,620.25,4018715.0,24652.88
2015-01-28,621.0,640.0,606.5,619.9,619.95,2025702.0,12613.73
2015-01-29,611.85,611.85,590.0,590.3,593.55,1994408.0,11960.74
2015-01-30,591.95,599.9,556.0,590.0,588.7,2201161.0,12790.97
2015-02-02,589.0,609.0,587.6,596.05,595.05,934501.0,5567.5
2015-02-03,595.25,611.5,590.0,603.75,603.45,1123750.0,6777.18
2015-02-04,607.85,611.0,595.1,598.0,597.9,1001517.0,6030.89
2015-02-05,595.0,604.9,575.0,585.95,584.45,1389369.0,8308.3
2015-02-06,586.05,597.8,580.25,583.0,586.45,568721.0,3345.58
2015-02-09,582.7,591.9,573.4,575.5,574.7,967547.0,5656.92
2015-02-10,573.9,585.55,560.0,578.55,580.5,1012787.0,5845.08
2015-02-11,578.15,595.0,577.95,585.0,585.25,719246.0,4225.66
2015-02-12,589.85,599.5,585.1,593.95,591.45,1380957.0,8154.17
2015-02-13,594.8,624.4,594.8,613.0,610.75,2941175.0,18017.09
2015-02-16,615.95,629.8,611.6,617.0,616.05,1726987.0,10721.29
2015-02-18,619.9,642.4,618.25,641.0,635.15,1640143.0,10367.93
2015-02-19,641.0,650.8,624.45,628.35,629.8,1222753.0,7761.86
2015-02-20,631.0,631.95,611.1,620.5,618.75,1181454.0,7320.06
2015-02-23,623.85,629.2,615.3,620.5,621.5,911141.0,5684.12
2015-02-24,624.3,640.0,615.25,633.2,632.95,1284704.0,8106.49
2015-02-25,638.3,642.9,626.0,630.0,630.75,1271581.0,8050.07
2015-02-26,631.45,641.15,625.15,631.0,630.55,2278794.0,14436.09
2015-02-27,632.9,636.8,628.0,631.0,633.6,1818213.0,11513.45
2015-02-28,635.0,648.75,586.95,620.1,623.15,2523214.0,15669.33
2015-03-02,625.9,638.0,616.0,628.25,628.15,1573680.0,9905.02
2015-03-03,629.1,639.0,628.0,631.1,631.85,671908.0,4256.32
2015-03-04,639.85,644.0,633.0,636.5,636.8,1712122.0,10922.8
2015-03-05,637.3,642.95,626.0,633.75,632.75,448034.0,2844.12
2015-03-09,628.3,628.3,597.25,600.5,602.05,896686.0,5505.83
2015-03-10,602.0,614.0,588.95,595.55,593.35,1316914.0,7923.35
2015-03-11,596.6,602.6,565.35,569.75,568.45,1035031.0,5977.82
2015-03-12,569.0,575.0,561.1,562.15,563.55,1295044.0,7342.56
2015-03-13,570.0,571.45,543.8,566.9,565.5,1855932.0,10410.38
2015-03-16,576.95,576.95,567.7,570.5,570.8,1334236.0,7631.97
2015-03-17,574.9,584.0,561.15,561.7,563.8,1245919.0,7122.97
2015-03-18,567.5,572.9,558.9,565.0,563.9,954551.0,5394.54
2015-03-19,568.9,574.0,551.0,556.95,554.85,781939.0,4410.16
2015-03-20,559.95,565.0,543.0,556.2,554.35,928146.0,5147.31
2015-03-23,558.0,564.0,553.15,557.65,557.25,1082866.0,6043.98
2015-03-24,558.6,568.0,553.05,561.85,561.8,1412417.0,7937.66
2015-03-25,561.65,564.9,554.35,559.7,559.6,1196563.0,6693.89
2015-03-26,557.0,562.5,538.0,546.0,544.2,1328927.0,7316.79
2015-03-27,544.0,555.9,538.15,547.0,541.95,1188370.0,6501.87
2015-03-30,549.85,554.15,546.1,548.0,548.85,924563.0,5076.84
2015-03-31,554.15,574.0,550.0,555.7,557.9,2007535.0,11247.48
2015-04-01,554.9,583.7,551.45,578.0,573.45,1400863.0,7924.12
2015-04-06,578.0,582.9,568.55,572.95,573.55,737325.0,4241.6
2015-04-07,577.8,577.8,558.65,560.4,560.75,895136.0,5056.51
2015-04-08,564.9,569.75,553.05,556.3,557.65,889379.0,4983.35
2015-04-09,562.0,591.2,559.0,590.0,581.4,1678960.0,9572.97
2015-04-10,590.0,599.75,576.1,580.4,580.5,1443714.0,8486.77
2015-04-13,582.85,585.85,576.0,579.4,580.7,602911.0,3510.01
2015-04-15,583.0,593.0,569.8,571.6,573.35,1086734.0,6359.44
2015-04-16,574.0,579.05,552.3,566.0,570.2,920982.0,5219.39
2015-04-17,568.5,572.7,550.75,556.75,554.75,614191.0,3444.08
2015-04-20,556.75,557.9,522.25,535.05,536.25,1386764.0,7463.83
2015-04-21,535.0,561.0,534.3,550.3,550.3,1511435.0,8216.35
2015-04-22,559.0,569.3,550.25,562.45,561.15,1571757.0,8793.7
2015-04-23,564.4,568.2,556.5,560.1,559.85,893548.0,5020.56
2015-04-24,562.0,567.0,523.1,557.0,554.3,2497125.0,13744.29
2015-04-27,559.65,569.4,535.0,558.0,557.35,2774287.0,15544.92
2015-04-28,559.0,577.9,555.1,571.85,574.15,1144966.0,6529.04
2015-04-29,574.65,594.0,574.65,592.0,589.9,1836368.0,10768.29
2015-04-30,593.0,599.0,585.0,591.25,593.65,1964616.0,11653.03
2015-05-04,594.6,601.2,581.45,585.95,587.65,729201.0,4312.15
2015-05-05,588.9,597.0,584.0,587.65,588.7,540528.0,3192.87
2015-05-06,578.9,578.9,551.1,557.0,558.7,1008770.0,5638.38
2015-05-07,554.9,554.9,517.0,542.0,541.8,1913467.0,10258.07
2015-05-08,546.0,566.3,543.3,557.65,559.4,620423.0,3453.06
2015-05-11,560.9,570.0,551.2,557.95,556.2,461725.0,2586.76
2015-05-12,558.0,558.0,532.4,554.05,549.5,1267537.0,6890.33
2015-05-13,555.7,572.7,553.0,567.7,564.65,871682.0,4932.73
2015-05-14,566.4,566.4,554.4,559.2,560.5,431845.0,2414.37
2015-05-15,563.45,566.4,555.0,556.0,558.1,1040673.0,5841.27
2015-05-18,555.0,566.9,554.7,564.85,564.05,526914.0,2963.55
2015-05-19,565.75,572.0,555.05,564.55,565.05,635560.0,3594.37
2015-05-20,567.35,580.85,565.15,575.25,573.7,791389.0,4536.89
2015-05-21,574.4,585.5,566.85,581.1,580.3,1375514.0,7915.17
2015-05-22,579.9,601.1,579.0,594.3,594.35,1690641.0,10040.8
2015-05-25,595.0,600.0,588.2,593.5,592.9,964703.0,5750.38
2015-05-26,592.9,601.0,592.0,593.6,593.55,925801.0,5514.28
2015-05-27,591.9,595.5,584.0,591.75,590.9,894181.0,5293.67
2015-05-28,586.25,596.3,586.25,595.0,593.05,1508651.0,8952.99
2015-05-29,595.65,607.9,589.1,595.0,595.95,1747012.0,10407.65
2015-06-01,595.5,611.9,592.25,608.3,609.1,1315570.0,7988.9
2015-06-02,612.9,614.85,590.25,592.65,596.7,2454281.0,14862.81
2015-06-03,595.0,606.8,541.5,606.0,595.75,1675929.0,9607.52
2015-06-04,603.0,604.95,583.15,589.05,589.05,810635.0,4784.08
2015-06-05,583.0,594.0,582.95,587.8,585.2,523861.0,3080.72
2015-06-08,587.7,592.75,582.0,587.25,588.35,480375.0,2821.03
2015-06-09,585.0,588.25,568.2,571.75,573.0,532135.0,3069.21
2015-06-10,572.95,586.5,568.1,581.7,578.95,502980.0,2918.58
2015-06-11,582.5,597.5,576.25,582.0,579.4,1088791.0,6396.56
2015-06-12,581.15,587.1,574.3,576.65,577.6,786346.0,4579.23
2015-06-15,577.9,586.9,550.35,550.35,556.35,543257.0,3100.24
2015-06-16,548.1,560.5,543.25,558.5,556.85,1013025.0,5583.1
2015-06-17,571.25,586.0,567.95,583.8,580.55,1145425.0,6639.32
2015-06-18,587.3,600.0,586.9,597.45,596.4,1456449.0,8682.1
2015-06-19,597.1,606.45,590.4,595.2,597.8,1131540.0,6766.87
2015-06-22,598.5,612.9,598.0,606.35,607.35,1608565.0,9753.57
2015-06-23,609.8,613.2,594.1,599.65,599.85,1043747.0,6297.39
2015-06-24,601.0,608.6,595.0,597.0,599.35,1289932.0,7774.26
2015-06-25,597.0,614.0,595.0,606.05,607.55,1919186.0,11638.32
2015-06-26,607.0,628.0,596.05,615.4,616.4,3101668.0,18813.06
2015-06-29,600.0,614.75,572.1,613.0,610.4,869415.0,5192.03
2015-06-30,610.4,625.4,606.75,622.1,622.45,1344888.0,8323.88
2015-07-01,624.9,638.8,620.9,632.0,630.2,1082348.0,6853.92
2015-07-02,634.0,674.55,631.55,666.4,667.25,3164308.0,20927.82
2015-07-03,669.85,671.9,649.0,654.5,654.5,996023.0,6563.1
2015-07-06,644.9,668.0,642.1,664.05,663.0,846029.0,5595.51
2015-07-07,665.0,666.1,650.1,650.95,654.25,978505.0,6442.47
2015-07-08,640.4,654.0,627.0,629.0,632.05,1086227.0,6938.41
2015-07-09,626.0,634.95,616.8,623.6,620.85,1097654.0,6880.99
2015-07-10,623.0,640.0,623.0,632.0,631.75,1230128.0,7785.72
2015-07-13,633.0,641.35,630.25,632.95,633.0,1339859.0,8503.56
2015-07-14,639.0,650.0,635.85,637.95,639.35,1590685.0,10238.45
2015-07-15,640.5,644.4,627.0,636.9,634.1,823144.0,5245.64
2015-07-16,638.0,659.8,633.05,659.0,656.55,1216697.0,7890.0
2015-07-17,657.0,675.0,650.0,670.0,668.8,978041.0,6504.22
2015-07-20,672.5,682.0,667.0,677.25,679.0,781424.0,5286.15
2015-07-21,680.55,682.2,657.5,670.0,665.0,1737273.0,11640.61
2015-07-22,673.0,720.0,668.15,717.0,713.55,1916881.0,13323.93
2015-07-23,716.8,723.8,700.25,714.5,717.05,1839222.0,13125.38
2015-07-24,710.1,738.8,701.0,725.55,728.05,1990368.0,14481.23
2015-07-27,722.0,759.0,715.7,746.0,745.75,2217408.0,16421.02
2015-07-28,748.0,761.0,726.5,752.0,751.6,1790934.0,13390.96
2015-07-29,746.0,759.35,736.1,741.65,744.7,1389844.0,10359.46
2015-07-30,736.3,745.95,726.15,733.65,730.55,1058973.0,7802.31
2015-07-31,722.4,746.3,722.4,739.95,738.2,1757881.0,13012.12
2015-08-03,738.3,762.55,738.2,759.2,755.0,988543.0,7474.41
2015-08-04,757.0,789.0,753.6,786.3,785.8,2093669.0,16228.46
2015-08-05,781.15,798.8,779.1,791.3,790.0,1679405.0,13256.7
2015-08-06,786.0,810.0,782.15,800.0,802.15,1506815.0,12073.49
2015-08-07,793.25,805.3,792.1,793.9,794.8,1504455.0,12000.64
2015-08-10,794.0,820.85,794.0,799.2,801.0,1510277.0,12208.67
2015-08-11,807.3,809.8,791.1,802.1,800.9,1300268.0,10416.01
2015-08-12,790.0,796.2,746.4,762.0,755.1,1977243.0,15074.11
2015-08-13,760.7,772.0,740.2,757.5,756.6,1705971.0,12910.77
2015-08-14,776.0,795.0,775.05,795.0,793.0,3488584.0,27409.0
2015-08-17,796.8,814.1,785.0,799.95,796.6,1366400.0,10934.74
2015-08-18,800.0,803.4,779.5,796.55,795.45,1342466.0,10645.69
2015-08-19,794.9,809.4,791.1,799.05,800.35,1492595.0,11958.6
2015-08-20,796.95,809.5,787.4,793.95,791.2,3598889.0,28822.6
2015-08-21,784.3,787.0,753.75,771.7,773.95,2455236.0,18964.96
2015-08-24,733.6,743.2,685.15,711.5,716.05,5114664.0,36854.58
2015-08-25,722.2,745.0,705.0,738.6,739.25,3012707.0,22029.86
2015-08-26,732.35,765.0,721.75,762.0,759.9,2850017.0,21341.85
2015-08-27,778.95,779.0,768.6,773.25,774.8,4928538.0,38167.93
2015-08-28,780.2,782.0,751.25,776.6,777.15,5010519.0,38666.12
2015-08-31,777.25,789.2,734.5,746.05,755.05,21811622.0,165585.62
