Date,Open,High,Low,Close,Shares Traded,Turnover (Rs. Cr)
2006-04-25,,,,0.28,,
2006-04-26,,,,0.28,,
2006-04-27,,,,0.28,,
2006-04-28,,,,1.45,,
2006-04-29,,,,1.45,,
2006-05-02,,,,1.45,,
2006-05-03,,,,1.45,,
2006-05-04,,,,1.74,,
2006-05-05,,,,1.74,,
2006-05-08,,,,1.74,,
2006-05-09,,,,1.74,,
2006-05-10,,,,1.74,,
2006-05-11,,,,2.11,,
2006-05-12,,,,2.18,,
2006-05-15,,,,2.18,,
2006-05-16,,,,2.18,,
2006-05-17,,,,2.18,,
2006-05-18,,,,2.48,,
2006-05-19,,,,2.48,,
2006-05-22,,,,2.48,,
2006-05-23,,,,2.48,,
2006-05-24,,,,2.48,,
2006-05-25,,,,4.91,,
2006-05-26,,,,6.44,,
2006-05-29,,,,6.44,,
2006-05-30,,,,6.44,,
2006-05-31,,,,6.44,,
2006-06-01,,,,9.66,,
2006-06-02,,,,9.66,,
2006-06-05,,,,9.66,,
2006-06-06,,,,9.66,,
2006-06-07,,,,9.66,,
2006-06-08,,,,9.66,,
2006-06-09,,,,9.66,,
2006-06-12,,,,9.66,,
2006-06-13,,,,9.66,,
2006-06-14,,,,9.66,,
2006-06-15,,,,10.14,,
2006-06-16,,,,10.61,,
2006-06-19,,,,12.18,,
2006-06-20,,,,12.18,,
2006-06-21,,,,12.31,,
2006-06-22,,,,12.71,,
2006-06-23,,,,13.77,,
2006-06-25,,,,13.77,,
2006-06-26,,,,13.77,,
2006-06-27,,,,13.77,,
2006-06-28,,,,13.77,,
2006-06-29,,,,16.63,,
2006-06-30,,,,17.67,,
2006-07-03,,,,17.67,,
2006-07-04,,,,17.67,,
2006-07-05,,,,17.67,,
2006-07-06,,,,19.41,,
2006-07-07,,,,19.84,,
2006-07-10,,,,21.92,,
2006-07-11,,,,21.92,,
2006-07-12,,,,21.92,,
2006-07-13,,,,21.92,,
2006-07-14,,,,22.46,,
2006-07-17,,,,22.46,,
2006-07-18,,,,22.46,,
2006-07-19,,,,22.46,,
2006-07-20,,,,22.46,,
2006-07-21,,,,22.6,,
2006-07-24,,,,22.6,,
2006-07-25,,,,22.6,,
2006-07-26,,,,22.6,,
2006-07-27,,,,22.6,,
2006-07-28,,,,23.26,,
2006-07-31,,,,23.26,,
2006-08-01,,,,23.26,,
2006-08-02,,,,23.26,,
2006-08-03,,,,23.26,,
2006-08-04,,,,23.26,,
2006-08-07,,,,23.26,,
2006-08-08,,,,24.64,,
2006-08-09,,,,25.02,,
2006-08-10,,,,25.67,,
2006-08-11,,,,26.28,,
2006-08-14,,,,27.76,,
2006-08-16,,,,27.76,,
2006-08-17,,,,27.76,,
2006-08-18,,,,28.3,,
2006-08-21,,,,28.3,,
2006-08-22,,,,28.3,,
2006-08-23,,,,28.51,,
2006-08-24,,,,28.51,,
2006-08-25,,,,28.51,,
2006-08-28,,,,28.51,,
2006-08-29,,,,28.51,,
2006-08-30,,,,28.51,,
2006-08-31,,,,28.51,,
2006-09-01,,,,28.61,,
2006-09-04,,,,28.61,,
2006-09-05,,,,28.61,,
2006-09-06,,,,34.67,,
2006-09-07,,,,34.77,,
2006-09-08,,,,34.77,,
2006-09-11,,,,34.77,,
2006-09-12,,,,34.77,,
2006-09-13,,,,34.77,,
2006-09-14,,,,34.77,,
2006-09-15,,,,34.77,,
2006-09-18,,,,34.9,,
2006-09-19,,,,34.9,,
2006-09-20,,,,34.9,,
2006-09-21,,,,34.9,,
2006-09-22,,,,35.3,,
2006-09-25,,,,35.3,,
2006-09-26,,,,35.3,,
2006-09-27,,,,35.3,,
2006-09-28,,,,35.3,,
2006-09-29,,,,35.3,,
2006-10-03,,,,35.3,,
2006-10-04,,,,35.3,,
2006-10-05,,,,35.3,,
2006-10-06,,,,35.3,,
2006-10-09,,,,35.3,,
2006-10-10,,,,35.3,,
2006-10-11,,,,35.3,,
2006-10-12,,,,35.3,,
2006-10-13,,,,35.3,,
2006-10-16,,,,35.3,,
2006-10-17,,,,35.3,,
2006-10-18,,,,35.3,,
2006-10-19,,,,35.86,,
2006-10-20,,,,36.12,,
2006-10-21,,,,36.12,,
2006-10-23,,,,36.71,,
2006-10-26,,,,36.71,,
2006-10-27,,,,36.71,,
2006-10-30,,,,36.71,,
2006-10-31,,,,36.71,,
2006-11-01,,,,36.71,,
2006-11-02,,,,37.3,,
2006-11-03,,,,37.42,,
2006-11-06,,,,37.42,,
2006-11-07,,,,37.42,,
2006-11-08,,,,37.42,,
2006-11-09,,,,37.55,,
2006-11-10,,,,37.55,,
2006-11-13,,,,37.55,,
2006-11-14,,,,37.55,,
2006-11-15,,,,37.7,,
2006-11-16,,,,37.7,,
2006-11-17,,,,37.7,,
2006-11-20,,,,37.7,,
2006-11-21,,,,37.7,,
2006-11-22,,,,37.7,,
2006-11-23,,,,37.7,,
2006-11-24,,,,37.7,,
2006-11-27,,,,37.7,,
2006-11-28,,,,37.7,,
2006-11-29,,,,37.7,,
2006-11-30,,,,37.7,,
2006-12-01,,,,37.7,,
2006-12-04,,,,37.96,,
2006-12-05,,,,37.96,,
2006-12-06,,,,37.96,,
2006-12-07,,,,37.96,,
2006-12-08,,,,37.96,,
2006-12-11,,,,37.96,,
2006-12-12,,,,37.96,,
2006-12-13,,,,37.96,,
2006-12-14,,,,37.96,,
2006-12-15,,,,37.96,,
2006-12-18,,,,38.05,,
2006-12-19,,,,38.05,,
2006-12-20,,,,38.05,,
2006-12-21,,,,38.05,,
2006-12-22,,,,38.05,,
2006-12-26,,,,38.05,,
2006-12-27,,,,47.12,,
2006-12-28,,,,47.12,,
2006-12-29,,,,47.12,,
2007-01-02,,,,47.25,,
2007-01-03,,,,47.25,,
2007-01-04,,,,47.25,,
2007-01-05,,,,47.25,,
2007-01-08,,,,47.25,,
2007-01-09,,,,47.25,,
2007-01-10,,,,47.25,,
2007-01-11,,,,47.25,,
2007-01-12,,,,47.25,,
2007-01-15,,,,47.69,,
2007-01-16,,,,47.69,,
2007-01-17,,,,47.69,,
2007-01-18,,,,47.69,,
2007-01-19,,,,47.95,,
2007-01-22,,,,48.54,,
2007-01-23,,,,48.54,,
2007-01-24,,,,48.54,,
2007-01-25,,,,48.54,,
2007-01-29,,,,48.54,,
2007-01-31,,,,48.54,,
2007-02-01,,,,49.86,,
2007-02-02,,,,49.86,,
2007-02-05,,,,49.86,,
2007-02-06,,,,50.31,,
2007-02-07,,,,50.31,,
2007-02-08,,,,50.31,,
2007-02-09,,,,50.31,,
2007-02-12,,,,50.31,,
2007-02-13,,,,50.93,,
2007-02-14,,,,51.18,,
2007-02-15,,,,51.18,,
2007-02-19,,,,51.56,,
2007-02-20,,,,51.56,,
2007-02-21,,,,51.8,,
2007-02-22,,,,51.8,,
2007-02-23,,,,51.8,,
2007-02-26,,,,51.8,,
2007-02-27,,,,51.8,,
2007-02-28,,,,51.8,,
2007-03-01,,,,51.8,,
2007-03-02,,,,51.8,,
2007-03-05,,,,51.8,,
2007-03-06,,,,51.8,,
2007-03-07,,,,51.9,,
2007-03-08,,,,51.9,,
2007-03-09,,,,52.33,,
2007-03-12,,,,52.33,,
2007-03-13,,,,52.33,,
2007-03-14,,,,53.41,,
2007-03-15,,,,54.18,,
2007-03-16,,,,54.99,,
2007-03-19,,,,54.99,,
2007-03-20,,,,54.99,,
2007-03-21,,,,58.42,,
2007-03-22,,,,58.62,,
2007-03-23,,,,58.98,,
2007-03-26,,,,60.43,,
2007-03-28,,,,61.05,,
2007-03-29,,,,61.05,,
2007-03-30,,,,0.0,,
2007-04-02,,,,0.0,,
2007-04-03,,,,0.0,,
2007-04-04,,,,0.44,,
2007-04-05,,,,0.44,,
2007-04-09,,,,0.44,,
2007-04-10,,,,0.44,,
2007-04-11,,,,0.44,,
2007-04-12,,,,0.44,,
2007-04-13,,,,0.44,,
2007-04-16,,,,0.44,,
2007-04-17,,,,0.44,,
2007-04-18,,,,0.44,,
2007-04-19,,,,0.44,,
2007-04-20,,,,1.73,,
2007-04-23,,,,1.98,,
2007-04-24,,,,1.98,,
2007-04-25,,,,1.98,,
2007-04-26,,,,1.98,,
2007-04-27,,,,1.98,,
2007-04-30,,,,1.98,,
2007-05-03,,,,1.98,,
2007-05-04,,,,1.98,,
2007-05-07,,,,1.98,,
2007-05-08,,,,1.98,,
2007-05-09,,,,1.98,,
2007-05-10,,,,1.98,,
2007-05-11,,,,1.98,,
2007-05-14,,,,2.07,,
2007-05-15,,,,2.07,,
2007-05-16,,,,2.07,,
2007-05-17,,,,2.5,,
2007-05-18,,,,2.5,,
2007-05-21,,,,2.5,,
2007-05-22,,,,2.5,,
2007-05-23,,,,2.5,,
2007-05-24,,,,2.5,,
2007-05-25,,,,2.5,,
2007-05-28,,,,2.5,,
2007-05-29,,,,2.5,,
2007-05-30,,,,2.5,,
2007-05-31,,,,2.5,,
2007-06-01,,,,3.63,,
2007-06-04,,,,3.63,,
2007-06-05,,,,3.63,,
2007-06-06,,,,4.35,,
2007-06-07,,,,4.72,,
2007-06-08,,,,6.56,,
2007-06-11,,,,6.56,,
2007-06-12,,,,7.64,,
2007-06-13,,,,9.07,,
2007-06-14,,,,10.82,,
2007-06-15,,,,11.59,,
2007-06-18,,,,11.59,,
2007-06-19,,,,11.59,,
2007-06-20,,,,11.59,,
2007-06-21,,,,11.59,,
2007-06-22,,,,11.59,,
2007-06-25,,,,11.59,,
2007-06-26,,,,11.59,,
2007-06-27,,,,11.59,,
2007-06-28,,,,12.89,,
2007-06-29,,,,12.89,,
2007-07-02,,,,12.89,,
2007-07-03,,,,12.89,,
2007-07-04,,,,12.89,,
2007-07-05,,,,13.28,,
2007-07-06,,,,13.41,,
2007-07-09,,,,13.41,,
2007-07-10,,,,14.06,,
2007-07-11,,,,14.06,,
2007-07-12,,,,14.06,,
2007-07-13,,,,14.31,,
2007-07-16,,,,16.55,,
2007-07-17,,,,17.02,,
2007-07-18,,,,17.02,,
2007-07-19,,,,17.02,,
2007-07-20,,,,17.02,,
2007-07-23,,,,17.02,,
2007-07-24,,,,17.02,,
2007-07-25,,,,17.02,,
2007-07-26,,,,17.02,,
2007-07-27,,,,17.59,,
2007-07-30,,,,17.59,,
2007-07-31,,,,17.59,,
2007-08-01,,,,17.59,,
2007-08-02,,,,17.94,,
2007-08-03,,,,18.67,,
2007-08-06,,,,18.67,,
2007-08-07,,,,19.94,,
2007-08-08,,,,21.55,,
2007-08-09,,,,21.55,,
2007-08-10,,,,21.55,,
2007-08-13,,,,21.55,,
2007-08-14,,,,21.66,,
2007-08-16,,,,21.99,,
2007-08-17,,,,22.77,,
2007-08-20,,,,22.77,,
2007-08-21,,,,22.77,,
2007-08-22,,,,23.01,,
2007-08-23,,,,23.33,,
2007-08-24,,,,23.33,,
2007-08-27,,,,23.33,,
2007-08-28,,,,23.33,,
2007-08-29,,,,23.33,,
2007-08-30,,,,23.9,,
2007-08-31,,,,23.9,,
2007-09-03,,,,23.9,,
2007-09-04,,,,24.59,,
2007-09-05,,,,24.59,,
2007-09-06,,,,24.59,,
2007-09-07,,,,24.59,,
2007-09-10,,,,29.91,,
2007-09-11,,,,29.91,,
2007-09-12,,,,29.91,,
2007-09-13,,,,29.91,,
2007-09-14,,,,30.22,,
2007-09-17,,,,30.22,,
2007-09-18,,,,30.22,,
2007-09-19,,,,30.34,,
2007-09-20,,,,30.34,,
2007-09-21,,,,30.34,,
2007-09-24,,,,30.34,,
2007-09-25,,,,30.34,,
2007-09-26,,,,30.34,,
2007-09-27,,,,30.34,,
2007-09-28,,,,30.34,,
2007-10-01,,,,30.34,,
2007-10-03,,,,30.34,,
2007-10-04,,,,30.34,,
2007-10-05,,,,30.34,,
2007-10-08,,,,30.34,,
2007-10-09,,,,30.34,,
2007-10-10,,,,30.34,,
2007-10-11,,,,30.34,,
2007-10-12,,,,30.34,,
2007-10-15,,,,30.34,,
2007-10-16,,,,30.34,,
2007-10-17,,,,30.34,,
2007-10-18,,,,30.95,,
2007-10-19,,,,30.95,,
2007-10-22,,,,31.47,,
2007-10-23,,,,31.7,,
2007-10-24,,,,31.7,,
2007-10-25,,,,32.22,,
2007-10-26,,,,32.22,,
2007-10-29,,,,32.22,,
2007-10-30,,,,32.22,,
2007-10-31,,,,32.22,,
2007-11-01,,,,32.39,,
2007-11-02,,,,32.39,,
2007-11-05,,,,32.39,,
2007-11-06,,,,32.39,,
2007-11-07,,,,33.68,,
2007-11-08,,,,33.68,,
2007-11-09,,,,33.68,,
2007-11-12,,,,33.68,,
2007-11-13,,,,33.68,,
2007-11-14,,,,33.68,,
2007-11-15,,,,33.68,,
2007-11-16,,,,33.68,,
2007-11-19,,,,33.68,,
2007-11-20,,,,33.68,,
2007-11-21,,,,33.68,,
2007-11-22,,,,33.68,,
2007-11-23,,,,33.68,,
2007-11-26,,,,33.68,,
2007-11-27,,,,33.68,,
2007-11-28,,,,33.68,,
2007-11-29,,,,33.68,,
2007-11-30,,,,33.91,,
2007-12-03,,,,33.91,,
2007-12-04,,,,33.91,,
2007-12-05,,,,33.91,,
2007-12-06,,,,33.91,,
2007-12-07,,,,33.91,,
2007-12-10,,,,33.91,,
2007-12-11,,,,33.91,,
2007-12-12,,,,33.91,,
2007-12-13,,,,33.91,,
2007-12-14,,,,33.91,,
2007-12-17,,,,33.91,,
2007-12-18,,,,33.91,,
2007-12-19,,,,34.5,,
2007-12-20,,,,34.5,,
2007-12-24,,,,34.5,,
2007-12-26,,,,41.22,,
2007-12-27,,,,41.22,,
2007-12-28,,,,41.22,,
2007-12-31,,,,41.22,,
2008-01-01,,,,41.22,,
2008-01-02,,,,41.22,,
2008-01-03,,,,41.22,,
2008-01-04,,,,41.22,,
2008-01-07,,,,41.22,,
2008-01-08,,,,41.22,,
2008-01-09,,,,41.22,,
2008-01-10,,,,41.22,,
2008-01-11,,,,41.22,,
2008-01-14,,,,41.36,,
2008-01-15,,,,41.36,,
2008-01-16,,,,41.36,,
2008-01-17,,,,41.36,,
2008-01-18,,,,41.36,,
2008-01-21,,,,41.36,,
2008-01-22,,,,41.36,,
2008-01-23,,,,42.1,,
2008-01-24,,,,42.1,,
2008-01-25,,,,42.1,,
2008-01-28,,,,42.1,,
2008-01-29,,,,42.1,,
2008-01-30,,,,42.1,,
2008-01-31,,,,42.1,,
2008-02-01,,,,43.46,,
2008-02-04,,,,47.32,,
2008-02-05,,,,47.32,,
2008-02-06,,,,47.32,,
2008-02-07,,,,47.32,,
2008-02-08,,,,47.32,,
2008-02-11,,,,47.32,,
2008-02-12,,,,47.32,,
2008-02-13,,,,48.58,,
2008-02-14,,,,48.84,,
2008-02-15,,,,48.84,,
2008-02-18,,,,48.84,,
2008-02-19,,,,48.84,,
2008-02-20,,,,48.84,,
2008-02-21,,,,48.84,,
2008-02-22,,,,48.84,,
2008-02-25,,,,48.84,,
2008-02-26,,,,48.84,,
2008-02-27,,,,48.84,,
2008-02-28,,,,48.84,,
2008-02-29,,,,48.84,,
2008-03-03,,,,48.84,,
2008-03-04,,,,48.84,,
2008-03-05,,,,48.84,,
2008-03-07,,,,48.84,,
2008-03-10,,,,48.84,,
2008-03-11,,,,48.84,,
2008-03-12,,,,48.84,,
2008-03-13,,,,48.84,,
2008-03-14,,,,48.84,,
2008-03-17,,,,49.93,,
2008-03-18,,,,49.93,,
2008-03-19,,,,49.93,,
2008-03-24,,,,49.93,,
2008-03-25,,,,49.93,,
2008-03-26,,,,49.93,,
2008-03-27,,,,49.93,,
2008-03-28,,,,0.0,,
2008-03-31,,,,0.0,,
2008-04-01,,,,0.0,,
2008-04-02,,,,0.0,,
2008-04-03,,,,0.0,,
2008-04-04,,,,0.0,,
2008-04-07,,,,0.0,,
2008-04-08,,,,0.0,,
2008-04-09,,,,0.0,,
2008-04-10,,,,0.31,,
2008-04-11,,,,0.31,,
2008-04-15,,,,0.31,,
2008-04-16,,,,0.31,,
2008-04-17,,,,0.31,,
2008-04-21,,,,0.53,,
2008-04-22,,,,0.53,,
2008-04-23,,,,0.53,,
2008-04-24,,,,0.53,,
2008-04-25,,,,0.53,,
2008-04-28,,,,0.53,,
2008-04-29,,,,1.03,,
2008-04-30,,,,1.03,,
2008-05-02,,,,1.03,,
2008-05-05,,,,1.03,,
2008-05-06,,,,1.03,,
2008-05-07,,,,1.03,,
2008-05-08,,,,4.17,,
2008-05-09,,,,4.17,,
2008-05-12,,,,4.17,,
2008-05-13,,,,4.17,,
2008-05-14,,,,4.17,,
2008-05-15,,,,4.17,,
2008-05-16,,,,4.17,,
2008-05-20,,,,4.17,,
2008-05-21,,,,4.54,,
2008-05-22,,,,4.54,,
2008-05-23,,,,4.54,,
2008-05-26,,,,4.62,,
2008-05-27,,,,4.62,,
2008-05-28,,,,4.62,,
2008-05-29,,,,10.15,,
2008-05-30,,,,10.15,,
2008-06-02,,,,10.15,,
2008-06-03,,,,10.15,,
2008-06-04,,,,10.15,,
2008-06-05,,,,10.15,,
2008-06-06,,,,10.15,,
2008-06-09,,,,10.15,,
2008-06-10,,,,10.15,,
2008-06-11,,,,10.15,,
2008-06-12,,,,10.15,,
2008-06-13,,,,10.15,,
2008-06-16,,,,11.12,,
2008-06-17,,,,11.12,,
2008-06-18,,,,11.93,,
2008-06-19,,,,11.93,,
2008-06-20,,,,11.93,,
2008-06-23,,,,11.93,,
2008-06-24,,,,11.93,,
2008-06-25,,,,11.93,,
2008-06-26,,,,11.93,,
2008-06-27,,,,14.08,,
2008-06-30,,,,14.08,,
2008-07-01,,,,14.08,,
2008-07-02,,,,14.08,,
2008-07-03,,,,14.55,,
2008-07-04,,,,14.89,,
2008-07-07,,,,14.89,,
2008-07-08,,,,14.89,,
2008-07-09,,,,14.89,,
2008-07-10,,,,16.92,,
2008-07-11,,,,16.92,,
2008-07-14,,,,16.92,,
2008-07-15,,,,16.92,,
2008-07-16,,,,19.1,,
2008-07-17,,,,19.49,,
2008-07-18,,,,21.43,,
2008-07-21,,,,21.43,,
2008-07-22,,,,21.88,,
2008-07-23,,,,21.88,,
2008-07-24,,,,22.1,,
2008-07-25,,,,22.1,,
2008-07-28,,,,22.1,,
2008-07-29,,,,22.1,,
2008-07-30,,,,22.1,,
2008-07-31,,,,24.12,,
2008-08-01,,,,24.12,,
2008-08-04,,,,25.39,,
2008-08-05,,,,25.39,,
2008-08-06,,,,25.39,,
2008-08-07,,,,25.39,,
2008-08-08,,,,25.69,,
2008-08-11,,,,25.69,,
2008-08-12,,,,25.95,,
2008-08-13,,,,25.95,,
2008-08-14,,,,26.65,,
2008-08-18,,,,27.32,,
2008-08-19,,,,27.32,,
2008-08-20,,,,28.04,,
2008-08-21,,,,28.88,,
2008-08-22,,,,28.88,,
2008-08-25,,,,29.31,,
2008-08-26,,,,29.31,,
2008-08-27,,,,29.31,,
2008-08-28,,,,30.77,,
2008-08-29,,,,30.77,,
2008-09-01,,,,31.93,,
2008-09-02,,,,31.93,,
2008-09-04,,,,31.93,,
2008-09-05,,,,31.93,,
2008-09-08,,,,36.87,,
2008-09-09,,,,37.5,,
2008-09-10,,,,37.73,,
2008-09-11,,,,37.73,,
2008-09-12,,,,37.73,,
2008-09-15,,,,37.73,,
2008-09-16,,,,37.73,,
2008-09-17,,,,37.73,,
2008-09-18,,,,37.73,,
2008-09-19,,,,38.54,,
2008-09-22,,,,38.54,,
2008-09-23,,,,38.54,,
2008-09-24,,,,38.54,,
2008-09-25,,,,38.54,,
2008-09-26,,,,38.54,,
2008-09-29,,,,38.54,,
2008-09-30,,,,38.54,,
2008-10-01,,,,38.54,,
2008-10-03,,,,38.54,,
2008-10-06,,,,38.54,,
2008-10-07,,,,38.54,,
2008-10-08,,,,38.54,,
2008-10-10,,,,38.54,,
2008-10-13,,,,38.54,,
2008-10-14,,,,38.54,,
2008-10-15,,,,38.54,,
2008-10-16,,,,39.48,,
2008-10-17,,,,39.48,,
2008-10-20,,,,39.48,,
2008-10-21,,,,39.48,,
2008-10-22,,,,40.12,,
2008-10-23,,,,40.12,,
2008-10-24,,,,40.12,,
2008-10-27,,,,40.12,,
2008-10-28,,,,40.12,,
2008-10-29,,,,40.71,,
2008-10-31,,,,40.71,,
2008-11-03,,,,40.71,,
2008-11-04,,,,40.71,,
2008-11-05,,,,40.71,,
2008-11-06,,,,40.71,,
2008-11-07,,,,40.71,,
2008-11-10,,,,40.71,,
2008-11-11,,,,40.71,,
2008-11-12,,,,40.71,,
2008-11-14,,,,40.71,,
2008-11-17,,,,40.71,,
2008-11-18,,,,40.71,,
2008-11-19,,,,40.71,,
2008-11-20,,,,40.71,,
2008-11-21,,,,40.71,,
2008-11-24,,,,40.71,,
2008-11-25,,,,40.71,,
2008-11-26,,,,40.71,,
2008-11-28,,,,40.71,,
2008-12-01,,,,40.71,,
2008-12-02,,,,40.71,,
2008-12-03,,,,40.71,,
2008-12-04,,,,40.71,,
2008-12-05,,,,40.71,,
2008-12-08,,,,40.71,,
2008-12-10,,,,40.71,,
2008-12-11,,,,40.71,,
2008-12-12,,,,40.71,,
2008-12-15,,,,40.71,,
2008-12-16,,,,40.71,,
2008-12-17,,,,40.71,,
2008-12-18,,,,40.71,,
2008-12-19,,,,40.71,,
2008-12-22,,,,40.71,,
2008-12-23,,,,46.92,,
2008-12-24,,,,46.92,,
2008-12-26,,,,46.92,,
2008-12-29,,,,46.92,,
2008-12-30,,,,46.92,,
2008-12-31,,,,46.92,,
2009-01-01,,,,46.92,,
2009-01-02,,,,46.92,,
2009-01-05,,,,46.92,,
2009-01-06,,,,46.92,,
2009-01-07,,,,46.92,,
2009-01-09,,,,46.92,,
2009-01-12,,,,46.92,,
2009-01-13,,,,46.92,,
2009-01-14,,,,47.09,,
2009-01-15,,,,47.09,,
2009-01-16,,,,47.09,,
2009-01-19,,,,47.09,,
2009-01-20,,,,47.09,,
2009-01-21,,,,47.09,,
2009-01-22,,,,47.09,,
2009-01-23,,,,47.09,,
2009-01-27,,,,47.09,,
2009-01-28,,,,47.77,,
2009-01-29,,,,51.48,,
2009-01-30,,,,53.16,,
2009-02-02,,,,53.16,,
2009-02-03,,,,53.16,,
2009-02-04,,,,53.49,,
2009-02-05,,,,53.49,,
2009-02-06,,,,53.49,,
2009-02-09,,,,53.49,,
2009-02-10,,,,53.49,,
2009-02-11,,,,53.49,,
2009-02-12,,,,53.86,,
2009-02-13,,,,53.86,,
2009-02-16,,,,53.86,,
2009-02-17,,,,54.56,,
2009-02-18,,,,54.81,,
2009-02-19,,,,54.81,,
2009-02-20,,,,54.81,,
2009-02-24,,,,54.81,,
2009-02-25,,,,54.81,,
2009-02-26,,,,54.81,,
2009-02-27,,,,54.81,,
2009-03-02,,,,54.81,,
2009-03-03,,,,54.81,,
2009-03-04,,,,54.81,,
2009-03-05,,,,54.81,,
2009-03-06,,,,54.81,,
2009-03-09,,,,54.81,,
2009-03-12,,,,54.81,,
2009-03-13,,,,54.81,,
2009-03-16,,,,54.81,,
2009-03-17,,,,54.81,,
2009-03-18,,,,54.81,,
2009-03-19,,,,54.81,,
2009-03-20,,,,54.81,,
2009-03-23,,,,54.81,,
2009-03-24,,,,55.11,,
2009-03-25,,,,55.11,,
2009-03-26,,,,0.0,,
2009-03-27,,,,0.0,,
2009-03-30,,,,0.0,,
2009-03-31,,,,0.0,,
2009-04-01,,,,0.0,,
2009-04-02,,,,0.0,,
2009-04-06,,,,0.0,,
2009-04-08,,,,0.0,,
2009-04-09,,,,0.0,,
2009-04-13,,,,0.0,,
2009-04-15,,,,0.0,,
2009-04-16,,,,0.0,,
2009-04-17,,,,0.0,,
2009-04-20,,,,0.0,,
2009-04-21,,,,0.0,,
2009-04-22,,,,0.0,,
2009-04-23,,,,0.0,,
2009-04-24,,,,0.11,,
2009-04-27,,,,0.11,,
2009-04-28,,,,0.11,,
2009-04-29,,,,0.11,,
2009-05-04,,,,0.11,,
2009-05-05,,,,0.11,,
2009-05-06,,,,0.11,,
2009-05-07,,,,0.11,,
2009-05-08,,,,0.11,,
2009-05-11,,,,0.18,,
2009-05-12,,,,0.18,,
2009-05-13,,,,0.18,,
2009-05-14,,,,0.75,,
2009-05-15,,,,0.75,,
2009-05-18,,,,0.75,,
2009-05-19,,,,0.75,,
2009-05-20,,,,0.75,,
2009-05-21,,,,0.75,,
2009-05-22,,,,0.75,,
2009-05-25,,,,0.75,,
2009-05-26,,,,0.75,,
2009-05-27,,,,0.75,,
2009-05-28,,,,0.75,,
2009-05-29,,,,0.75,,
2009-06-01,,,,0.75,,
2009-06-02,,,,0.75,,
2009-06-03,,,,0.75,,
2009-06-04,,,,2.99,,
2009-06-05,,,,2.99,,
2009-06-08,,,,2.99,,
2009-06-09,,,,2.99,,
2009-06-10,,,,5.93,,
2009-06-11,,,,7.88,,
2009-06-12,,,,9.27,,
2009-06-15,,,,9.27,,
2009-06-16,,,,10.05,,
2009-06-17,,,,10.05,,
2009-06-18,,,,10.05,,
2009-06-19,,,,10.05,,
2009-06-22,,,,10.74,,
2009-06-23,,,,10.74,,
2009-06-24,,,,10.74,,
2009-06-25,,,,10.74,,
2009-06-26,,,,10.74,,
2009-06-29,,,,11.18,,
2009-06-30,,,,11.46,,
2009-07-01,,,,11.46,,
2009-07-02,,,,11.82,,
2009-07-03,,,,11.82,,
2009-07-06,,,,17.44,,
2009-07-07,,,,17.44,,
2009-07-08,,,,17.44,,
2009-07-09,,,,18.17,,
2009-07-10,,,,18.17,,
2009-07-13,,,,21.66,,
2009-07-14,,,,22.29,,
2009-07-15,,,,22.29,,
2009-07-16,,,,22.29,,
2009-07-17,,,,22.29,,
2009-07-20,,,,22.29,,
2009-07-21,,,,22.29,,
2009-07-22,,,,22.4,,
2009-07-23,,,,22.4,,
2009-07-24,,,,23.62,,
2009-07-27,,,,23.96,,
2009-07-28,,,,23.96,,
2009-07-29,,,,23.96,,
2009-07-30,,,,24.61,,
2009-07-31,,,,24.61,,
2009-08-03,,,,25.13,,
2009-08-04,,,,25.69,,
2009-08-05,,,,25.69,,
2009-08-06,,,,25.74,,
2009-08-07,,,,25.74,,
2009-08-10,,,,26.09,,
2009-08-11,,,,26.09,,
2009-08-12,,,,26.09,,
2009-08-13,,,,26.09,,
2009-08-14,,,,26.09,,
2009-08-17,,,,26.09,,
2009-08-18,,,,28.51,,
2009-08-19,,,,28.51,,
2009-08-20,,,,29.0,,
2009-08-21,,,,29.53,,
2009-08-24,,,,29.53,,
2009-08-25,,,,29.53,,
2009-08-26,,,,29.86,,
2009-08-27,,,,29.86,,
2009-08-28,,,,30.51,,
2009-08-31,,,,30.51,,
2009-09-01,,,,30.98,,
2009-09-02,,,,30.98,,
2009-09-03,,,,31.23,,
2009-09-04,,,,31.27,,
2009-09-07,,,,31.27,,
2009-09-08,,,,31.27,,
2009-09-09,,,,31.27,,
2009-09-10,,,,31.81,,
2009-09-11,,,,33.53,,
2009-09-14,,,,34.07,,
2009-09-15,,,,34.07,,
2009-09-16,,,,34.07,,
2009-09-17,,,,34.07,,
2009-09-18,,,,34.07,,
2009-09-22,,,,34.33,,
2009-09-23,,,,34.33,,
2009-09-24,,,,34.33,,
2009-09-25,,,,34.33,,
2009-09-29,,,,34.33,,
2009-09-30,,,,34.33,,
2009-10-01,,,,34.33,,
2009-10-05,,,,34.33,,
2009-10-06,,,,34.33,,
2009-10-07,,,,34.33,,
2009-10-08,,,,34.33,,
2009-10-09,,,,34.33,,
2009-10-12,,,,34.33,,
2009-10-14,,,,34.33,,
2009-10-15,,,,36.07,,
2009-10-16,,,,39.43,,
2009-10-17,,,,39.43,,
2009-10-20,,,,39.43,,
2009-10-21,,,,39.43,,
2009-10-22,,,,39.43,,
2009-10-23,,,,39.43,,
2009-10-26,,,,39.43,,
2009-10-27,,,,39.43,,
2009-10-28,,,,39.78,,
2009-10-29,,,,39.91,,
2009-10-30,,,,39.99,,
2009-11-03,,,,39.99,,
2009-11-04,,,,39.99,,
2009-11-05,,,,39.99,,
2009-11-06,,,,41.11,,
2009-11-09,,,,41.11,,
2009-11-10,,,,41.11,,
2009-11-11,,,,41.11,,
2009-11-12,,,,41.11,,
2009-11-13,,,,41.11,,
2009-11-16,,,,41.11,,
2009-11-17,,,,41.11,,
2009-11-18,,,,41.11,,
2009-11-19,,,,41.11,,
2009-11-20,,,,41.11,,
2009-11-23,,,,41.11,,
2009-11-24,,,,41.11,,
2009-11-25,,,,41.11,,
2009-11-26,,,,41.11,,
2009-11-27,,,,41.11,,
2009-11-30,,,,41.11,,
2009-12-01,,,,41.11,,
2009-12-02,,,,41.18,,
2009-12-03,,,,41.18,,
2009-12-04,,,,41.18,,
2009-12-07,,,,41.18,,
2009-12-08,,,,41.18,,
2009-12-09,,,,41.18,,
2009-12-10,,,,41.18,,
2009-12-11,,,,41.18,,
2009-12-14,,,,41.18,,
2009-12-15,,,,41.18,,
2009-12-16,,,,41.18,,
2009-12-17,,,,41.18,,
2009-12-18,,,,41.18,,
2009-12-21,,,,41.18,,
2009-12-22,,,,43.27,,
2009-12-23,,,,43.27,,
2009-12-24,,,,43.57,,
2009-12-29,,,,43.57,,
2009-12-30,,,,43.57,,
2009-12-31,,,,43.57,,
2010-01-04,,,,43.57,,
2010-01-05,,,,43.57,,
2010-01-06,,,,43.57,,
2010-01-07,,,,43.57,,
2010-01-08,,,,43.57,,
2010-01-11,,,,43.67,,
2010-01-12,,,,43.67,,
2010-01-13,,,,43.67,,
2010-01-14,,,,43.67,,
2010-01-15,,,,43.67,,
2010-01-18,,,,43.67,,
2010-01-19,,,,43.93,,
2010-01-20,,,,43.93,,
2010-01-21,,,,43.93,,
2010-01-22,,,,43.93,,
2010-01-25,,,,43.93,,
2010-01-27,,,,44.28,,
2010-01-28,,,,44.28,,
2010-01-29,,,,44.35,,
2010-02-01,,,,44.67,,
2010-02-02,,,,44.67,,
2010-02-03,,,,44.67,,
2010-02-04,,,,45.12,,
2010-02-05,,,,46.01,,
2010-02-06,,,,46.01,,
2010-02-08,,,,46.01,,
2010-02-09,,,,46.61,,
2010-02-10,,,,46.61,,
2010-02-11,,,,46.61,,
2010-02-15,,,,46.61,,
2010-02-16,,,,46.61,,
2010-02-17,,,,46.61,,
2010-02-18,,,,46.95,,
2010-02-19,,,,46.95,,
2010-02-22,,,,46.95,,
2010-02-23,,,,46.95,,
2010-02-24,,,,46.95,,
2010-02-25,,,,46.95,,
2010-02-26,,,,46.95,,
2010-03-02,,,,46.95,,
2010-03-03,,,,46.95,,
2010-03-04,,,,46.95,,
2010-03-05,,,,46.95,,
2010-03-08,,,,46.95,,
2010-03-09,,,,46.95,,
2010-03-10,,,,46.95,,
2010-03-11,,,,46.95,,
2010-03-12,,,,46.95,,
2010-03-15,,,,46.95,,
2010-03-16,,,,46.95,,
2010-03-17,,,,46.95,,
2010-03-18,,,,47.84,,
2010-03-19,,,,47.84,,
2010-03-22,,,,47.84,,
2010-03-23,,,,48.29,,
2010-03-25,,,,0.0,,
2010-03-26,,,,0.0,,
2010-03-29,,,,0.0,,
2010-03-30,,,,0.0,,
2010-03-31,,,,0.0,,
2010-04-01,,,,0.0,,
2010-04-05,,,,0.0,,
2010-04-06,,,,0.0,,
2010-04-07,,,,0.0,,
2010-04-08,,,,0.0,,
2010-04-09,,,,0.0,,
2010-04-12,,,,0.0,,
2010-04-13,,,,2.49,,
2010-04-15,,,,2.49,,
2010-04-16,,,,2.49,,
2010-04-19,,,,2.49,,
2010-04-20,,,,2.49,,
2010-04-21,,,,2.49,,
2010-04-22,,,,2.49,,
2010-04-23,,,,2.49,,
2010-04-26,,,,2.56,,
2010-04-27,,,,2.56,,
2010-04-28,,,,2.56,,
2010-04-29,,,,2.56,,
2010-04-30,,,,2.56,,
2010-05-03,,,,2.63,,
2010-05-04,,,,2.63,,
2010-05-05,,,,2.63,,
2010-05-06,,,,2.63,,
2010-05-07,,,,2.63,,
2010-05-10,,,,6.73,,
2010-05-11,,,,6.73,,
2010-05-12,,,,6.73,,
2010-05-13,,,,6.73,,
2010-05-14,,,,6.73,,
2010-05-17,,,,6.73,,
2010-05-18,,,,6.73,,
2010-05-19,,,,7.57,,
2010-05-20,,,,8.6,,
2010-05-21,,,,8.6,,
2010-05-24,,,,8.6,,
2010-05-25,,,,8.6,,
2010-05-26,,,,11.1,,
2010-05-27,,,,11.1,,
2010-05-28,,,,11.1,,
2010-05-31,,,,11.1,,
2010-06-01,,,,11.1,,
2010-06-02,,,,11.1,,
2010-06-03,,,,11.1,,
2010-06-04,,,,11.1,,
2010-06-07,,,,11.1,,
2010-06-08,,,,11.1,,
2010-06-09,,,,21.9,,
2010-06-10,,,,27.98,,
2010-06-11,,,,27.98,,
2010-06-14,,,,27.98,,
2010-06-15,,,,31.05,,
2010-06-16,,,,31.05,,
2010-06-17,,,,31.58,,
2010-06-18,,,,31.58,,
2010-06-21,,,,31.58,,
2010-06-22,,,,31.58,,
2010-06-23,,,,31.58,,
2010-06-24,,,,31.58,,
2010-06-25,,,,31.58,,
2010-06-28,,,,31.58,,
2010-06-29,,,,34.76,,
2010-06-30,,,,34.81,,
2010-07-01,,,,34.81,,
2010-07-02,,,,34.81,,
2010-07-05,,,,34.81,,
2010-07-06,,,,34.81,,
2010-07-07,,,,34.81,,
2010-07-08,,,,38.03,,
2010-07-09,,,,38.03,,
2010-07-12,,,,39.71,,
2010-07-13,,,,39.71,,
2010-07-14,,,,39.71,,
2010-07-15,,,,39.71,,
2010-07-16,,,,39.71,,
2010-07-19,,,,39.71,,
2010-07-20,,,,39.71,,
2010-07-21,,,,39.71,,
2010-07-22,,,,39.71,,
2010-07-23,,,,40.06,,
2010-07-26,,,,40.06,,
2010-07-27,,,,40.06,,
2010-07-28,,,,40.41,,
2010-07-29,,,,41.1,,
2010-07-30,,,,41.1,,
2010-08-02,,,,41.1,,
2010-08-03,,,,41.1,,
2010-08-04,,,,41.1,,
2010-08-05,,,,41.44,,
2010-08-06,,,,41.44,,
2010-08-09,,,,41.44,,
2010-08-10,,,,43.09,,
2010-08-11,,,,43.09,,
2010-08-12,,,,43.09,,
2010-08-13,,,,43.09,,
2010-08-16,,,,43.76,,
2010-08-17,,,,46.04,,
2010-08-18,,,,46.46,,
2010-08-19,,,,46.46,,
2010-08-20,,,,46.46,,
2010-08-23,,,,46.46,,
2010-08-24,,,,47.34,,
2010-08-25,,,,47.34,,
2010-08-26,,,,47.34,,
2010-08-27,,,,47.34,,
2010-08-30,,,,48.33,,
2010-08-31,,,,48.33,,
2010-09-01,,,,49.0,,
2010-09-02,,,,49.94,,
2010-09-03,,,,50.08,,
2010-09-06,,,,50.08,,
2010-09-07,,,,50.28,,
2010-09-08,,,,51.26,,
2010-09-09,,,,53.36,,
2010-09-13,,,,53.98,,
2010-09-14,,,,53.98,,
2010-09-15,,,,54.19,,
2010-09-16,,,,54.19,,
2010-09-17,,,,54.44,,
2010-09-20,,,,54.44,,
2010-09-21,,,,54.44,,
2010-09-22,,,,54.44,,
2010-09-23,,,,54.44,,
2010-09-24,,,,54.44,,
2010-09-27,,,,54.44,,
2010-09-28,,,,54.44,,
2010-09-29,,,,54.44,,
2010-09-30,,,,54.44,,
2010-10-01,,,,54.44,,
2010-10-04,,,,54.44,,
2010-10-05,,,,54.44,,
2010-10-06,,,,54.44,,
2010-10-07,,,,54.44,,
2010-10-08,,,,54.44,,
2010-10-11,,,,54.44,,
2010-10-12,,,,54.44,,
2010-10-13,,,,54.44,,
2010-10-14,,,,54.44,,
2010-10-15,,,,54.44,,
2010-10-18,,,,54.44,,
2010-10-19,,,,54.44,,
2010-10-20,,,,54.44,,
2010-10-21,,,,60.96,,
2010-10-22,,,,61.16,,
2010-10-25,,,,61.16,,
2010-10-26,,,,61.16,,
2010-10-27,,,,61.16,,
2010-10-28,,,,61.16,,
2010-10-29,,,,61.16,,
2010-11-01,,,,62.56,,
2010-11-02,,,,62.56,,
2010-11-03,,,,62.56,,
2010-11-04,,,,62.56,,
2010-11-05,,,,62.56,,
2010-11-08,,,,62.56,,
2010-11-09,,,,62.56,,
2010-11-10,,,,62.56,,
2010-11-11,,,,62.56,,
2010-11-12,,,,62.56,,
2010-11-15,,,,62.56,,
2010-11-16,,,,62.56,,
2010-11-18,,,,62.56,,
2010-11-19,,,,62.56,,
2010-11-22,,,,62.56,,
2010-11-23,,,,62.56,,
2010-11-24,,,,62.56,,
2010-11-25,,,,62.56,,
2010-11-26,,,,62.56,,
2010-11-29,,,,62.56,,
2010-11-30,,,,62.56,,
2010-12-01,,,,62.56,,
2010-12-02,,,,62.56,,
2010-12-03,,,,62.56,,
2010-12-06,,,,62.56,,
2010-12-07,,,,62.56,,
2010-12-08,,,,62.56,,
2010-12-09,,,,62.56,,
2010-12-10,,,,62.56,,
2010-12-13,,,,62.56,,
2010-12-14,,,,62.56,,
2010-12-15,,,,62.56,,
2010-12-16,,,,62.56,,
2010-12-20,,,,66.19,,
2010-12-21,,,,66.19,,
2010-12-22,,,,66.19,,
2010-12-23,,,,66.19,,
2010-12-24,,,,66.19,,
2010-12-27,,,,66.49,,
2010-12-28,,,,66.49,,
2010-12-29,,,,66.49,,
2010-12-30,,,,66.49,,
2010-12-31,,,,66.49,,
2011-01-03,,,,66.49,,
2011-01-04,,,,66.49,,
2011-01-05,,,,66.49,,
2011-01-06,,,,66.49,,
2011-01-07,,,,66.49,,
2011-01-10,,,,66.49,,
2011-01-11,,,,66.49,,
2011-01-12,,,,66.49,,
2011-01-13,,,,66.49,,
2011-01-14,,,,66.49,,
2011-01-17,,,,66.49,,
2011-01-18,,,,66.98,,
2011-01-19,,,,66.98,,
2011-01-20,,,,66.98,,
2011-01-21,,,,66.98,,
2011-01-24,,,,67.14,,
2011-01-25,,,,67.14,,
2011-01-27,,,,67.82,,
2011-01-28,,,,67.82,,
2011-01-31,,,,67.82,,
2011-02-01,,,,67.82,,
2011-02-02,,,,67.82,,
2011-02-03,,,,67.82,,
2011-02-04,,,,69.11,,
2011-02-07,,,,69.11,,
2011-02-08,,,,69.26,,
2011-02-09,,,,69.26,,
2011-02-10,,,,69.26,,
2011-02-11,,,,69.88,,
2011-02-14,,,,69.88,,
2011-02-15,,,,69.88,,
2011-02-16,,,,69.88,,
2011-02-17,,,,69.88,,
2011-02-18,,,,69.88,,
2011-02-21,,,,69.88,,
2011-02-22,,,,69.88,,
2011-02-23,,,,69.88,,
2011-02-24,,,,69.88,,
2011-02-25,,,,69.88,,
2011-02-28,,,,69.88,,
2011-03-01,,,,69.88,,
2011-03-03,,,,69.88,,
2011-03-04,,,,69.88,,
2011-03-07,,,,69.88,,
2011-03-08,,,,69.88,,
2011-03-09,,,,69.88,,
2011-03-10,,,,69.88,,
2011-03-11,,,,69.88,,
2011-03-14,,,,69.88,,
2011-03-15,,,,69.88,,
2011-03-16,,,,69.88,,
2011-03-17,,,,71.15,,
2011-03-18,,,,71.85,,
2011-03-21,,,,71.85,,
2011-03-22,,,,71.85,,
2011-03-23,,,,71.85,,
2011-03-24,,,,71.85,,
2011-03-25,,,,71.85,,
2011-03-28,,,,71.85,,
2011-03-29,,,,72.51,,
2011-03-30,,,,72.51,,
2011-03-31,,,,72.51,,
2011-04-01,,,,0.0,,
2011-04-04,,,,0.0,,
2011-04-05,,,,0.0,,
2011-04-06,,,,0.0,,
2011-04-07,,,,0.0,,
2011-04-08,,,,0.0,,
2011-04-11,,,,0.0,,
2011-04-13,,,,0.0,,
2011-04-15,,,,0.0,,
2011-04-18,,,,0.0,,
2011-04-19,,,,0.0,,
2011-04-20,,,,2.22,,
2011-04-21,,,,2.22,,
2011-04-25,,,,2.38,,
2011-04-26,,,,2.38,,
2011-04-27,,,,2.38,,
2011-04-28,,,,2.48,,
2011-04-29,,,,2.48,,
2011-05-02,,,,2.48,,
2011-05-03,,,,2.48,,
2011-05-04,,,,2.48,,
2011-05-05,,,,6.96,,
2011-05-06,,,,6.96,,
2011-05-09,,,,6.96,,
2011-05-10,,,,6.96,,
2011-05-11,,,,6.96,,
2011-05-12,,,,6.96,,
2011-05-13,,,,6.96,,
2011-05-16,,,,6.96,,
2011-05-17,,,,6.96,,
2011-05-18,,,,6.96,,
2011-05-19,,,,6.96,,
2011-05-20,,,,9.55,,
2011-05-23,,,,9.55,,
2011-05-24,,,,9.55,,
2011-05-25,,,,9.55,,
2011-05-26,,,,12.76,,
2011-05-27,,,,12.76,,
2011-05-30,,,,12.76,,
2011-05-31,,,,12.76,,
2011-06-01,,,,12.76,,
2011-06-02,,,,20.11,,
2011-06-03,,,,20.11,,
2011-06-06,,,,20.11,,
2011-06-07,,,,20.11,,
2011-06-08,,,,22.67,,
2011-06-09,,,,22.67,,
2011-06-10,,,,30.58,,
2011-06-13,,,,30.58,,
2011-06-14,,,,30.58,,
2011-06-15,,,,30.58,,
2011-06-16,,,,31.55,,
2011-06-17,,,,31.55,,
2011-06-20,,,,31.55,,
2011-06-21,,,,31.55,,
2011-06-22,,,,35.45,,
2011-06-23,,,,35.45,,
2011-06-24,,,,35.45,,
2011-06-27,,,,35.45,,
2011-06-28,,,,35.45,,
2011-06-29,,,,37.92,,
2011-06-30,,,,38.85,,
2011-07-01,,,,38.85,,
2011-07-04,,,,41.52,,
2011-07-05,,,,41.52,,
2011-07-06,,,,41.52,,
2011-07-07,,,,41.52,,
2011-07-08,,,,42.71,,
2011-07-11,,,,42.71,,
2011-07-12,,,,42.77,,
2011-07-13,,,,42.77,,
2011-07-14,,,,45.34,,
2011-07-15,,,,45.86,,
2011-07-18,,,,45.86,,
2011-07-19,,,,48.2,,
2011-07-20,,,,48.2,,
2011-07-21,,,,48.2,,
2011-07-22,,,,48.2,,
2011-07-25,,,,48.2,,
2011-07-26,,,,48.2,,
2011-07-27,,,,48.44,,
2011-07-28,,,,48.95,,
2011-07-29,,,,48.95,,
2011-08-01,,,,48.95,,
2011-08-02,,,,49.63,,
2011-08-03,,,,49.98,,
2011-08-04,,,,49.98,,
2011-08-05,,,,49.98,,
2011-08-08,,,,50.33,,
2011-08-09,,,,50.67,,
2011-08-10,,,,51.84,,
2011-08-11,,,,51.84,,
2011-08-12,,,,51.84,,
2011-08-16,,,,51.84,,
2011-08-17,,,,55.66,,
2011-08-18,,,,56.0,,
2011-08-19,,,,56.0,,
2011-08-22,,,,56.0,,
2011-08-23,,,,56.0,,
2011-08-24,,,,56.33,,
2011-08-25,,,,57.44,,
2011-08-26,,,,57.44,,
2011-08-29,,,,57.44,,
2011-08-30,,,,57.44,,
2011-09-02,,,,57.88,,
2011-09-05,,,,58.48,,
2011-09-06,,,,59.5,,
2011-09-07,,,,59.5,,
2011-09-08,,,,59.84,,
2011-09-09,,,,59.84,,
2011-09-12,,,,60.03,,
2011-09-13,,,,60.03,,
2011-09-14,,,,60.67,,
2011-09-15,,,,61.36,,
2011-09-16,,,,61.36,,
2011-09-19,,,,61.51,,
2011-09-20,,,,61.51,,
2011-09-21,,,,61.51,,
2011-09-22,,,,61.51,,
2011-09-23,,,,61.51,,
2011-09-26,,,,61.51,,
2011-09-27,,,,61.51,,
2011-09-28,,,,61.51,,
2011-09-29,,,,61.51,,
2011-09-30,,,,61.51,,
2011-10-03,,,,61.51,,
2011-10-04,,,,61.51,,
2011-10-05,,,,61.51,,
2011-10-07,,,,61.51,,
2011-10-10,,,,61.51,,
2011-10-11,,,,61.51,,
2011-10-12,,,,61.51,,
2011-10-13,,,,61.51,,
2011-10-14,,,,61.51,,
2011-10-17,,,,61.51,,
2011-10-18,,,,61.51,,
2011-10-19,,,,61.51,,
2011-10-20,,,,63.89,,
2011-10-21,,,,64.38,,
2011-10-24,,,,64.38,,
2011-10-25,,,,64.88,,
2011-10-26,,,,64.88,,
2011-10-28,,,,64.88,,
2011-10-31,,,,65.34,,
2011-11-01,,,,65.34,,
2011-11-02,,,,65.34,,
2011-11-03,,,,65.34,,
2011-11-04,,,,66.52,,
2011-11-08,,,,66.52,,
2011-11-09,,,,66.52,,
2011-11-11,,,,66.52,,
2011-11-14,,,,66.52,,
2011-11-15,,,,66.52,,
2011-11-16,,,,66.52,,
2011-11-17,,,,66.52,,
2011-11-18,,,,66.52,,
2011-11-21,,,,66.52,,
2011-11-22,,,,66.52,,
2011-11-23,,,,66.52,,
2011-11-24,,,,66.52,,
2011-11-25,,,,66.52,,
2011-11-28,,,,66.52,,
2011-11-29,,,,66.52,,
2011-11-30,,,,66.52,,
2011-12-01,,,,66.52,,
2011-12-02,,,,66.52,,
2011-12-05,,,,66.52,,
2011-12-07,,,,66.52,,
2011-12-08,,,,66.52,,
2011-12-09,,,,66.52,,
2011-12-12,,,,66.52,,
2011-12-13,,,,66.52,,
2011-12-14,,,,66.52,,
2011-12-15,,,,66.52,,
2011-12-16,,,,66.52,,
2011-12-19,,,,66.52,,
2011-12-20,,,,66.52,,
2011-12-21,,,,66.52,,
2011-12-22,,,,66.52,,
2011-12-23,,,,66.52,,
2011-12-26,,,,66.52,,
2011-12-27,,,,66.52,,
2011-12-28,,,,66.52,,
2011-12-29,,,,66.52,,
2011-12-30,,,,66.52,,
2012-01-02,,,,66.52,,
2012-01-03,,,,66.52,,
2012-01-04,,,,66.52,,
2012-01-05,,,,66.52,,
2012-01-06,,,,69.3,,
2012-01-07,,,,69.3,,
2012-01-09,,,,69.3,,
2012-01-10,,,,69.3,,
2012-01-11,,,,69.3,,
2012-01-12,,,,69.3,,
2012-01-13,,,,69.3,,
2012-01-16,,,,69.46,,
2012-01-17,,,,69.46,,
2012-01-18,,,,69.46,,
2012-01-19,,,,69.46,,
2012-01-20,,,,69.63,,
2012-01-23,,,,69.63,,
2012-01-24,,,,69.96,,
2012-01-25,,,,70.91,,
2012-01-27,,,,70.91,,
2012-01-30,,,,70.91,,
2012-01-31,,,,72.38,,
2012-02-01,,,,72.64,,
2012-02-02,,,,72.64,,
2012-02-03,,,,72.64,,
2012-02-06,,,,72.64,,
2012-02-07,,,,72.64,,
2012-02-08,,,,72.64,,
2012-02-09,,,,72.64,,
2012-02-10,,,,72.64,,
2012-02-13,,,,73.46,,
2012-02-14,,,,73.46,,
2012-02-15,,,,73.69,,
2012-02-16,,,,73.69,,
2012-02-17,,,,73.69,,
2012-02-21,,,,73.69,,
2012-02-22,,,,73.69,,
2012-02-23,,,,73.69,,
2012-02-24,,,,73.69,,
2012-02-27,,,,73.69,,
2012-02-28,,,,73.69,,
2012-02-29,,,,73.69,,
2012-03-01,,,,73.69,,
2012-03-02,,,,73.69,,
2012-03-03,,,,73.69,,
2012-03-05,,,,73.69,,
2012-03-06,,,,74.39,,
2012-03-07,,,,74.39,,
2012-03-09,,,,74.39,,
2012-03-12,,,,74.91,,
2012-03-13,,,,74.91,,
2012-03-14,,,,74.91,,
2012-03-15,,,,76.86,,
2012-03-16,,,,76.86,,
2012-03-19,77.72,77.72,77.72,77.72,,
2012-03-20,77.72,77.72,77.72,77.72,,
2012-03-21,77.72,77.72,77.72,77.72,,
2012-03-22,77.72,77.72,77.72,77.72,,
2012-03-23,77.72,77.72,77.72,77.72,,
2012-03-26,77.72,77.72,77.72,77.72,,
2012-03-27,77.72,77.72,77.72,77.72,,
2012-03-28,77.72,77.72,77.72,77.72,,
2012-03-29,77.72,77.72,77.72,77.72,,
2012-03-30,0.0,0.0,0.0,77.72,,
2012-04-02,0.0,0.0,0.0,0.0,,
2012-04-03,0.0,0.0,0.0,0.0,,
2012-04-04,0.0,0.0,0.0,0.0,,
2012-04-09,0.0,0.0,0.0,0.0,,
2012-04-10,0.0,0.0,0.0,0.0,,
2012-04-11,0.0,0.0,0.0,0.0,,
2012-04-12,0.0,0.0,0.0,0.0,,
2012-04-13,0.0,0.0,0.0,0.0,,
2012-04-16,0.0,0.0,0.0,0.0,,
2012-04-17,0.0,0.0,0.0,0.0,,
2012-04-18,0.0,0.0,0.0,0.0,,
2012-04-19,0.0,0.0,0.0,0.0,,
2012-04-20,0.0,0.0,0.0,0.0,,
2012-04-23,0.16,0.16,0.16,0.16,,
2012-04-24,0.16,0.16,0.16,0.16,,
2012-04-25,0.16,0.16,0.16,0.16,,
2012-04-26,0.16,0.16,0.16,0.16,,
2012-04-27,0.16,0.16,0.16,0.16,,
2012-04-28,0.16,0.16,0.16,0.16,,
2012-04-30,0.16,0.16,0.16,0.16,,
2012-05-02,0.16,0.16,0.16,0.16,,
2012-05-03,0.16,0.16,0.16,0.16,,
2012-05-04,0.16,0.16,0.16,0.16,,
2012-05-07,0.16,0.16,0.16,0.16,,
2012-05-08,0.16,0.16,0.16,0.16,,
2012-05-09,0.16,0.16,0.16,0.16,,
2012-05-10,0.16,0.16,0.16,0.16,,
2012-05-11,0.16,0.16,0.16,0.16,,
2012-05-14,0.16,0.16,0.16,0.16,,
2012-05-15,0.16,0.16,0.16,0.16,,
2012-05-16,0.16,0.16,0.16,0.16,,
2012-05-17,0.16,0.16,0.16,0.16,,
2012-05-18,0.16,0.16,0.16,0.16,,
2012-05-21,0.16,0.16,0.16,0.16,,
2012-05-22,0.16,0.16,0.16,0.16,,
2012-05-23,0.16,0.16,0.16,0.16,,
2012-05-24,7.99,7.99,7.99,7.99,,
2012-05-25,7.99,7.99,7.99,7.99,,
2012-05-28,7.99,7.99,7.99,7.99,,
2012-05-29,7.99,7.99,7.99,7.99,,
2012-05-30,7.99,7.99,7.99,7.99,,
2012-05-31,18.67,18.67,18.67,18.67,,
2012-06-01,18.67,18.67,18.67,18.67,,
2012-06-04,18.67,18.67,18.67,18.67,,
2012-06-05,18.67,18.67,18.67,18.67,,
2012-06-06,18.67,18.67,18.67,18.67,,
2012-06-07,21.72,21.72,21.72,21.72,,
2012-06-08,21.97,21.97,21.97,21.97,,
2012-06-11,29.76,29.76,29.76,29.76,,
2012-06-12,29.76,29.76,29.76,29.76,,
2012-06-13,29.76,29.76,29.76,29.76,,
2012-06-14,33.04,33.04,33.04,33.04,,
2012-06-15,33.04,33.04,33.04,33.04,,
2012-06-18,33.04,33.04,33.04,33.04,,
2012-06-19,33.04,33.04,33.04,33.04,,
2012-06-20,33.04,33.04,33.04,33.04,,
2012-06-21,33.04,33.04,33.04,33.04,,
2012-06-22,38.25,38.25,38.25,38.25,,
2012-06-25,38.7,38.7,38.7,38.7,,
2012-06-26,38.7,38.7,38.7,38.7,,
2012-06-27,38.7,38.7,38.7,38.7,,
2012-06-28,43.31,43.31,43.31,43.31,,
2012-06-29,43.31,43.31,43.31,43.31,,
2012-07-02,43.31,43.31,43.31,43.31,,
2012-07-03,43.31,43.31,43.31,43.31,,
2012-07-04,44.62,44.62,44.62,44.62,,
2012-07-05,46.56,46.56,46.56,46.56,,
2012-07-06,46.63,46.63,46.63,46.63,,
2012-07-09,46.63,46.63,46.63,46.63,,
2012-07-10,46.63,46.63,46.63,46.63,,
2012-07-11,46.63,46.63,46.63,46.63,,
2012-07-12,48.46,48.46,48.46,48.46,,
2012-07-13,48.92,48.92,48.92,48.92,,
2012-07-16,51.48,51.48,51.48,51.48,,
2012-07-17,51.48,51.48,51.48,51.48,,
2012-07-18,53.74,53.74,53.74,53.74,,
2012-07-19,53.74,53.74,53.74,53.74,,
2012-07-20,53.74,53.74,53.74,53.74,,
2012-07-23,54.23,54.23,54.23,54.23,,
2012-07-24,54.88,54.88,54.88,54.88,,
2012-07-25,54.88,54.88,54.88,54.88,,
2012-07-26,54.88,54.88,54.88,54.88,,
2012-07-27,54.88,54.88,54.88,54.88,,
2012-07-30,55.21,55.21,55.21,55.21,,
2012-07-31,55.21,55.21,55.21,55.21,,
2012-08-01,55.87,55.87,55.87,55.87,,
2012-08-02,55.87,55.87,55.87,55.87,,
2012-08-03,55.87,55.87,55.87,55.87,,
2012-08-06,55.87,55.87,55.87,55.87,,
2012-08-07,57.24,57.24,57.24,57.24,,
2012-08-08,57.24,57.24,57.24,57.24,,
2012-08-09,57.39,57.39,57.39,57.39,,
2012-08-10,57.39,57.39,57.39,57.39,,
2012-08-13,57.39,57.39,57.39,57.39,,
2012-08-14,61.06,61.06,61.06,61.06,,
2012-08-16,62.26,62.26,62.26,62.26,,
2012-08-17,62.26,62.26,62.26,62.26,,
2012-08-21,62.26,62.26,62.26,62.26,,
2012-08-22,62.26,62.26,62.26,62.26,,
2012-08-23,62.58,62.58,62.58,62.58,,
2012-08-24,62.81,62.81,62.81,62.81,,
2012-08-27,63.27,63.27,63.27,63.27,,
2012-08-28,63.27,63.27,63.27,63.27,,
2012-08-29,63.27,63.27,63.27,63.27,,
2012-08-30,63.27,63.27,63.27,63.27,,
2012-08-31,63.9,63.9,63.9,63.9,,
2012-09-03,63.9,63.9,63.9,63.9,,
2012-09-04,63.9,63.9,63.9,63.9,,
2012-09-05,64.5,64.5,64.5,64.5,,
2012-09-06,65.73,65.73,65.73,65.73,,
2012-09-07,65.73,65.73,65.73,65.73,,
2012-09-08,65.73,65.73,65.73,65.73,,
2012-09-10,65.93,65.93,65.93,65.93,,
2012-09-11,65.93,65.93,65.93,65.93,,
2012-09-12,65.93,65.93,65.93,65.93,,
2012-09-13,65.93,65.93,65.93,65.93,,
2012-09-14,67.06,67.06,67.06,67.06,,
2012-09-17,67.06,67.06,67.06,67.06,,
2012-09-18,67.24,67.24,67.24,67.24,,
2012-09-20,67.24,67.24,67.24,67.24,,
2012-09-21,67.24,67.24,67.24,67.24,,
2012-09-24,67.24,67.24,67.24,67.24,,
2012-09-25,67.24,67.24,67.24,67.24,,
2012-09-26,67.24,67.24,67.24,67.24,,
2012-09-27,67.24,67.24,67.24,67.24,,
2012-09-28,67.24,67.24,67.24,67.24,,
2012-10-01,67.24,67.24,67.24,67.24,,
2012-10-03,67.24,67.24,67.24,67.24,,
2012-10-04,67.24,67.24,67.24,67.24,,
2012-10-05,67.24,67.24,67.24,67.24,,
2012-10-08,67.24,67.24,67.24,67.24,,
2012-10-09,67.24,67.24,67.24,67.24,,
2012-10-10,67.24,67.24,67.24,67.24,,
2012-10-11,67.24,67.24,67.24,67.24,,
2012-10-12,67.24,67.24,67.24,67.24,,
2012-10-15,67.24,67.24,67.24,67.24,,
2012-10-16,67.24,67.24,67.24,67.24,,
2012-10-17,67.24,67.24,67.24,67.24,,
2012-10-18,69.53,69.53,69.53,69.53,,
2012-10-19,70.02,70.02,70.02,70.02,,
2012-10-22,70.02,70.02,70.02,70.02,,
2012-10-23,70.02,70.02,70.02,70.02,,
2012-10-25,70.02,70.02,70.02,70.02,,
2012-10-26,70.02,70.02,70.02,70.02,,
2012-10-29,70.16,70.16,70.16,70.16,,
2012-10-30,70.16,70.16,70.16,70.16,,
2012-10-31,70.64,70.64,70.64,70.64,,
2012-11-01,74.71,74.71,74.71,74.71,,
2012-11-02,74.71,74.71,74.71,74.71,,
2012-11-05,75.4,75.4,75.4,75.4,,
2012-11-06,75.4,75.4,75.4,75.4,,
2012-11-07,75.4,75.4,75.4,75.4,,
2012-11-08,75.4,75.4,75.4,75.4,,
2012-11-09,75.4,75.4,75.4,75.4,,
2012-11-12,75.4,75.4,75.4,75.4,,
2012-11-13,75.4,75.4,75.4,75.4,,
2012-11-15,75.4,75.4,75.4,75.4,,
2012-11-16,75.4,75.4,75.4,75.4,,
2012-11-19,75.4,75.4,75.4,75.4,,
2012-11-20,75.4,75.4,75.4,75.4,,
2012-11-21,75.4,75.4,75.4,75.4,,
2012-11-22,75.4,75.4,75.4,75.4,,
2012-11-23,75.4,75.4,75.4,75.4,,
2012-11-26,75.4,75.4,75.4,75.4,,
2012-11-27,75.4,75.4,75.4,75.4,,
2012-11-29,75.4,75.4,75.4,75.4,,
2012-11-30,75.4,75.4,75.4,75.4,,
2012-12-03,75.4,75.4,75.4,75.4,,
2012-12-04,75.4,75.4,75.4,75.4,,
2012-12-05,75.4,75.4,75.4,75.4,,
2012-12-06,75.4,75.4,75.4,75.4,,
2012-12-07,75.4,75.4,75.4,75.4,,
2012-12-10,75.4,75.4,75.4,75.4,,
2012-12-11,75.4,75.4,75.4,75.4,,
2012-12-12,75.4,75.4,75.4,75.4,,
2012-12-13,75.4,75.4,75.4,75.4,,
2012-12-14,75.4,75.4,75.4,75.4,,
2012-12-17,75.4,75.4,75.4,75.4,,
2012-12-18,75.4,75.4,75.4,75.4,,
2012-12-19,75.4,75.4,75.4,75.4,,
2012-12-20,75.4,75.4,75.4,75.4,,
2012-12-21,75.4,75.4,75.4,75.4,,
2012-12-24,78.19,78.19,78.19,78.19,,
2012-12-26,78.19,78.19,78.19,78.19,,
2012-12-27,78.19,78.19,78.19,78.19,,
2012-12-28,78.19,78.19,78.19,78.19,,
2012-12-31,78.19,78.19,78.19,78.19,,
2013-01-01,78.19,78.19,78.19,78.19,,
2013-01-02,78.19,78.19,78.19,78.19,,
2013-01-03,78.19,78.19,78.19,78.19,,
2013-01-04,78.19,78.19,78.19,78.19,,
2013-01-07,78.19,78.19,78.19,78.19,,
2013-01-08,78.19,78.19,78.19,78.19,,
2013-01-09,78.19,78.19,78.19,78.19,,
2013-01-10,78.19,78.19,78.19,78.19,,
2013-01-11,78.19,78.19,78.19,78.19,,
2013-01-14,78.19,78.19,78.19,78.19,,
2013-01-15,78.19,78.19,78.19,78.19,,
2013-01-16,78.36,78.36,78.36,78.36,,
2013-01-17,78.36,78.36,78.36,78.36,,
2013-01-18,78.36,78.36,78.36,78.36,,
2013-01-21,78.53,78.53,78.53,78.53,,
2013-01-22,78.53,78.53,78.53,78.53,,
2013-01-23,79.34,79.34,79.34,79.34,,
2013-01-24,79.34,79.34,79.34,79.34,,
2013-01-25,79.34,79.34,79.34,79.34,,
2013-01-28,79.34,79.34,79.34,79.34,,
2013-01-29,79.34,79.34,79.34,79.34,,
2013-01-30,79.34,79.34,79.34,79.34,,
2013-01-31,79.34,79.34,79.34,79.34,,
2013-02-01,79.34,79.34,79.34,79.34,,
2013-02-04,79.34,79.34,79.34,79.34,,
2013-02-05,79.86,79.86,79.86,79.86,,
2013-02-06,79.86,79.86,79.86,79.86,,
2013-02-07,79.86,79.86,79.86,79.86,,
2013-02-08,79.86,79.86,79.86,79.86,,
2013-02-11,79.86,79.86,79.86,79.86,,
2013-02-12,79.86,79.86,79.86,79.86,,
2013-02-13,79.86,79.86,79.86,79.86,,
2013-02-14,79.86,79.86,79.86,79.86,,
2013-02-15,80.58,80.58,80.58,80.58,,
2013-02-18,81.67,81.67,81.67,81.67,,
2013-02-19,81.67,81.67,81.67,81.67,,
2013-02-20,81.67,81.67,81.67,81.67,,
2013-02-21,81.67,81.67,81.67,81.67,,
2013-02-22,81.67,81.67,81.67,81.67,,
2013-02-25,81.67,81.67,81.67,81.67,,
2013-02-26,81.67,81.67,81.67,81.67,,
2013-02-27,81.67,81.67,81.67,81.67,,
2013-02-28,81.67,81.67,81.67,81.67,,
2013-03-01,83.17,83.17,83.17,83.17,,
2013-03-04,83.17,83.17,83.17,83.17,,
2013-03-05,83.17,83.17,83.17,83.17,,
2013-03-06,83.17,83.17,83.17,83.17,,
2013-03-07,83.17,83.17,83.17,83.17,,
2013-03-08,83.17,83.17,83.17,83.17,,
2013-03-11,83.17,83.17,83.17,83.17,,
2013-03-12,83.17,83.17,83.17,83.17,,
2013-03-13,83.17,83.17,83.17,83.17,,
2013-03-14,83.17,83.17,83.17,83.17,,
2013-03-15,83.17,83.17,83.17,83.17,,
2013-03-18,85.08,85.08,85.08,85.08,,
2013-03-19,85.08,85.08,85.08,85.08,,
2013-03-20,85.08,85.08,85.08,85.08,,
2013-03-21,85.64,85.64,85.64,85.64,,
2013-03-22,87.84,87.84,87.84,87.84,,
2013-03-25,87.84,87.84,87.84,87.84,,
2013-03-26,87.84,87.84,87.84,87.84,,
2013-03-28,87.84,87.84,87.84,87.84,,
2013-04-01,0.0,0.0,0.0,87.84,,
2013-04-02,0.0,0.0,0.0,0.0,,
2013-04-03,0.0,0.0,0.0,0.0,,
2013-04-04,0.0,0.0,0.0,0.0,,
2013-04-05,0.0,0.0,0.0,0.0,,
2013-04-08,0.0,0.0,0.0,0.0,,
2013-04-09,0.0,0.0,0.0,0.0,,
2013-04-10,0.0,0.0,0.0,0.0,,
2013-04-11,0.0,0.0,0.0,0.0,,
2013-04-12,0.0,0.0,0.0,0.0,,
2013-04-15,0.0,0.0,0.0,0.0,,
2013-04-16,0.0,0.0,0.0,0.0,,
2013-04-17,0.0,0.0,0.0,0.0,,
2013-04-18,0.0,0.0,0.0,0.0,,
2013-04-22,0.16,0.16,0.16,0.16,,
2013-04-23,0.16,0.16,0.16,0.16,,
2013-04-25,0.16,0.16,0.16,0.16,,
2013-04-26,0.16,0.16,0.16,0.16,,
2013-04-29,0.16,0.16,0.16,0.16,,
2013-04-30,0.16,0.16,0.16,0.16,,
2013-05-02,0.16,0.16,0.16,0.16,,
2013-05-03,0.16,0.16,0.16,0.16,,
2013-05-06,0.16,0.16,0.16,0.16,,
2013-05-07,0.16,0.16,0.16,0.16,,
2013-05-08,0.16,0.16,0.16,0.16,,
2013-05-09,0.16,0.16,0.16,0.16,,
2013-05-10,4.77,4.77,4.77,4.77,,
2013-05-11,4.77,4.77,4.77,4.77,,
2013-05-13,4.77,4.77,4.77,4.77,,
2013-05-14,4.77,4.77,4.77,4.77,,
2013-05-15,4.77,4.77,4.77,4.77,,
2013-05-16,4.77,4.77,4.77,4.77,,
2013-05-17,4.77,4.77,4.77,4.77,,
2013-05-20,4.77,4.77,4.77,4.77,,
2013-05-21,4.77,4.77,4.77,4.77,,
2013-05-22,4.77,4.77,4.77,4.77,,
2013-05-23,5.14,5.14,5.14,5.14,,
2013-05-24,5.14,5.14,5.14,5.14,,
2013-05-27,5.14,5.14,5.14,5.14,,
2013-05-28,8.47,8.47,8.47,8.47,,
2013-05-29,8.47,8.47,8.47,8.47,,
2013-05-30,19.7,19.7,19.7,19.7,,
2013-05-31,28.68,28.68,28.68,28.68,,
2013-06-03,28.68,28.68,28.68,28.68,,
2013-06-04,28.68,28.68,28.68,28.68,,
2013-06-05,28.68,28.68,28.68,28.68,,
2013-06-06,31.26,31.26,31.26,31.26,,
2013-06-07,31.26,31.26,31.26,31.26,,
2013-06-10,31.26,31.26,31.26,31.26,,
2013-06-11,31.26,31.26,31.26,31.26,,
2013-06-12,31.26,31.26,31.26,31.26,,
2013-06-13,36.91,36.91,36.91,36.91,,
2013-06-14,36.91,36.91,36.91,36.91,,
2013-06-17,37.3,37.3,37.3,37.3,,
2013-06-18,37.3,37.3,37.3,37.3,,
2013-06-19,37.3,37.3,37.3,37.3,,
2013-06-20,37.3,37.3,37.3,37.3,,
2013-06-21,37.3,37.3,37.3,37.3,,
2013-06-24,37.3,37.3,37.3,37.3,,
2013-06-25,37.3,37.3,37.3,37.3,,
2013-06-26,37.3,37.3,37.3,37.3,,
2013-06-27,43.31,43.31,43.31,43.31,,
2013-06-28,43.31,43.31,43.31,43.31,,
2013-07-01,43.31,43.31,43.31,43.31,,
2013-07-02,43.31,43.31,43.31,43.31,,
2013-07-03,43.31,43.31,43.31,43.31,,
2013-07-04,45.28,45.28,45.28,45.28,,
2013-07-05,47.01,47.01,47.01,47.01,,
2013-07-08,47.01,47.01,47.01,47.01,,
2013-07-09,47.01,47.01,47.01,47.01,,
2013-07-10,50.12,50.12,50.12,50.12,,
2013-07-11,50.12,50.12,50.12,50.12,,
2013-07-12,50.71,50.71,50.71,50.71,,
2013-07-15,52.36,52.36,52.36,52.36,,
2013-07-16,52.36,52.36,52.36,52.36,,
2013-07-17,52.65,52.65,52.65,52.65,,
2013-07-18,55.51,55.51,55.51,55.51,,
2013-07-19,55.7,55.7,55.7,55.7,,
2013-07-22,55.7,55.7,55.7,55.7,,
2013-07-23,55.7,55.7,55.7,55.7,,
2013-07-24,55.7,55.7,55.7,55.7,,
2013-07-25,55.7,55.7,55.7,55.7,,
2013-07-26,56.27,56.27,56.27,56.27,,
2013-07-29,57.21,57.21,57.21,57.21,,
2013-07-30,59.23,59.23,59.23,59.23,,
2013-07-31,59.68,59.68,59.68,59.68,,
2013-08-01,59.68,59.68,59.68,59.68,,
2013-08-02,59.68,59.68,59.68,59.68,,
2013-08-05,59.68,59.68,59.68,59.68,,
2013-08-06,60.0,60.0,60.0,60.0,,
2013-08-07,60.0,60.0,60.0,60.0,,
2013-08-08,60.0,60.0,60.0,60.0,,
2013-08-12,60.0,60.0,60.0,60.0,,
2013-08-13,63.48,63.48,63.48,63.48,,
2013-08-14,63.79,63.79,63.79,63.79,,
2013-08-16,63.79,63.79,63.79,63.79,,
2013-08-19,63.79,63.79,63.79,63.79,,
2013-08-20,63.79,63.79,63.79,63.79,,
2013-08-21,63.79,63.79,63.79,63.79,,
2013-08-22,63.79,63.79,63.79,63.79,,
2013-08-23,63.79,63.79,63.79,63.79,,
2013-08-26,63.79,63.79,63.79,63.79,,
2013-08-27,63.79,63.79,63.79,63.79,,
2013-08-28,63.79,63.79,63.79,63.79,,
2013-08-29,63.79,63.79,63.79,63.79,,
2013-08-30,64.36,64.36,64.36,64.36,,
2013-09-02,64.36,64.36,64.36,64.36,,
2013-09-03,66.15,66.15,66.15,66.15,,
2013-09-04,66.15,66.15,66.15,66.15,,
2013-09-05,68.74,68.74,68.74,68.74,,
2013-09-06,71.31,71.31,71.31,71.31,,
2013-09-10,71.31,71.31,71.31,71.31,,
2013-09-11,71.31,71.31,71.31,71.31,,
2013-09-12,71.31,71.31,71.31,71.31,,
2013-09-13,71.5,71.5,71.5,71.5,,
2013-09-16,71.5,71.5,71.5,71.5,,
2013-09-17,71.77,71.77,71.77,71.77,,
2013-09-18,71.77,71.77,71.77,71.77,,
2013-09-19,73.34,73.34,73.34,73.34,,
2013-09-20,73.34,73.34,73.34,73.34,,
2013-09-23,73.34,73.34,73.34,73.34,,
2013-09-24,73.34,73.34,73.34,73.34,,
2013-09-25,73.34,73.34,73.34,73.34,,
2013-09-26,73.34,73.34,73.34,73.34,,
2013-09-27,73.34,73.34,73.34,73.34,,
2013-09-30,73.34,73.34,73.34,73.34,,
2013-10-01,73.34,73.34,73.34,73.34,,
2013-10-03,73.34,73.34,73.34,73.34,,
2013-10-04,73.34,73.34,73.34,73.34,,
2013-10-07,73.34,73.34,73.34,73.34,,
2013-10-08,73.34,73.34,73.34,73.34,,
2013-10-09,73.34,73.34,73.34,73.34,,
2013-10-10,73.34,73.34,73.34,73.34,,
2013-10-11,73.34,73.34,73.34,73.34,,
2013-10-14,73.34,73.34,73.34,73.34,,
2013-10-15,73.34,73.34,73.34,73.34,,
2013-10-17,76.31,76.31,76.31,76.31,,
2013-10-18,76.31,76.31,76.31,76.31,,
2013-10-21,76.31,76.31,76.31,76.31,,
2013-10-22,76.47,76.47,76.47,76.47,,
2013-10-23,76.47,76.47,76.47,76.47,,
2013-10-24,76.62,76.62,76.62,76.62,,
2013-10-25,78.34,78.34,78.34,78.34,,
2013-10-28,78.34,78.34,78.34,78.34,,
2013-10-29,78.34,78.34,78.34,78.34,,
2013-10-30,78.34,78.34,78.34,78.34,,
2013-10-31,79.53,79.53,79.53,79.53,,
2013-11-01,79.53,79.53,79.53,79.53,,
2013-11-03,79.53,79.53,79.53,79.53,,
2013-11-05,79.53,79.53,79.53,79.53,,
2013-11-06,80.1,80.1,80.1,80.1,,
2013-11-07,80.83,80.83,80.83,80.83,,
2013-11-08,80.83,80.83,80.83,80.83,,
2013-11-11,80.83,80.83,80.83,80.83,,
2013-11-12,80.83,80.83,80.83,80.83,,
2013-11-13,80.83,80.83,80.83,80.83,,
2013-11-14,80.83,80.83,80.83,80.83,,
2013-11-18,80.83,80.83,80.83,80.83,,
2013-11-19,80.83,80.83,80.83,80.83,,
2013-11-20,80.83,80.83,80.83,80.83,,
2013-11-21,80.83,80.83,80.83,80.83,,
2013-11-22,80.83,80.83,80.83,80.83,,
2013-11-25,80.83,80.83,80.83,80.83,,
2013-11-26,80.83,80.83,80.83,80.83,,
2013-11-27,80.83,80.83,80.83,80.83,,
2013-11-28,80.83,80.83,80.83,80.83,,
2013-11-29,80.83,80.83,80.83,80.83,,
2013-12-02,80.83,80.83,80.83,80.83,,
2013-12-03,80.83,80.83,80.83,80.83,,
2013-12-04,80.83,80.83,80.83,80.83,,
2013-12-05,80.83,80.83,80.83,80.83,,
2013-12-06,80.83,80.83,80.83,80.83,,
2013-12-09,80.83,80.83,80.83,80.83,,
2013-12-10,83.54,83.54,83.54,83.54,,
2013-12-11,83.54,83.54,83.54,83.54,,
2013-12-12,83.54,83.54,83.54,83.54,,
2013-12-13,83.54,83.54,83.54,83.54,,
2013-12-16,83.54,83.54,83.54,83.54,,
2013-12-17,83.54,83.54,83.54,83.54,,
2013-12-18,84.03,84.03,84.03,84.03,,
2013-12-19,84.03,84.03,84.03,84.03,,
2013-12-20,84.03,84.03,84.03,84.03,,
2013-12-23,84.03,84.03,84.03,84.03,,
2013-12-24,84.03,84.03,84.03,84.03,,
2013-12-26,84.03,84.03,84.03,84.03,,
2013-12-27,84.03,84.03,84.03,84.03,,
2013-12-30,84.03,84.03,84.03,84.03,,
2013-12-31,84.03,84.03,84.03,84.03,,
2014-01-01,84.03,84.03,84.03,84.03,,
2014-01-02,84.03,84.03,84.03,84.03,,
2014-01-03,84.03,84.03,84.03,84.03,,
2014-01-06,84.03,84.03,84.03,84.03,,
2014-01-07,84.03,84.03,84.03,84.03,,
2014-01-08,84.03,84.03,84.03,84.03,,
2014-01-09,84.03,84.03,84.03,84.03,,
2014-01-10,84.03,84.03,84.03,84.03,,
2014-01-13,84.03,84.03,84.03,84.03,,
2014-01-14,84.03,84.03,84.03,84.03,,
2014-01-15,84.03,84.03,84.03,84.03,,
2014-01-16,84.03,84.03,84.03,84.03,,
2014-01-17,84.03,84.03,84.03,84.03,,
2014-01-20,84.66,84.66,84.66,84.66,,
2014-01-21,84.66,84.66,84.66,84.66,,
2014-01-22,85.58,85.58,85.58,85.58,,
2014-01-23,85.58,85.58,85.58,85.58,,
2014-01-24,85.58,85.58,85.58,85.58,,
2014-01-27,86.21,86.21,86.21,86.21,,
2014-01-28,86.21,86.21,86.21,86.21,,
2014-01-29,86.21,86.21,86.21,86.21,,
2014-01-30,86.21,86.21,86.21,86.21,,
2014-01-31,88.72,88.72,88.72,88.72,,
2014-02-03,88.72,88.72,88.72,88.72,,
2014-02-04,88.72,88.72,88.72,88.72,,
2014-02-05,88.72,88.72,88.72,88.72,,
2014-02-06,88.72,88.72,88.72,88.72,,
2014-02-07,89.04,89.04,89.04,89.04,,
2014-02-10,89.65,89.65,89.65,89.65,,
2014-02-11,90.11,90.11,90.11,90.11,,
2014-02-12,90.62,90.62,90.62,90.62,,
2014-02-13,90.84,90.84,90.84,90.84,,
2014-02-14,90.84,90.84,90.84,90.84,,
2014-02-17,92.16,92.16,92.16,92.16,,
2014-02-18,92.16,92.16,92.16,92.16,,
2014-02-19,92.16,92.16,92.16,92.16,,
2014-02-20,92.16,92.16,92.16,92.16,,
2014-02-21,92.16,92.16,92.16,92.16,,
2014-02-24,92.16,92.16,92.16,92.16,,
2014-02-25,92.16,92.16,92.16,92.16,,
2014-02-26,92.16,92.16,92.16,92.16,,
2014-02-28,92.16,92.16,92.16,92.16,,
2014-03-03,92.16,92.16,92.16,92.16,,
2014-03-04,93.01,93.01,93.01,93.01,,
2014-03-05,93.01,93.01,93.01,93.01,,
2014-03-06,93.01,93.01,93.01,93.01,,
2014-03-07,93.01,93.01,93.01,93.01,,
2014-03-10,93.01,93.01,93.01,93.01,,
2014-03-11,94.42,94.42,94.42,94.42,,
2014-03-12,94.42,94.42,94.42,94.42,,
2014-03-13,94.42,94.42,94.42,94.42,,
2014-03-14,94.42,94.42,94.42,94.42,,
2014-03-18,94.42,94.42,94.42,94.42,,
2014-03-19,94.42,94.42,94.42,94.42,,
2014-03-20,94.42,94.42,94.42,94.42,,
2014-03-21,94.42,94.42,94.42,94.42,,
2014-03-22,94.42,94.42,94.42,94.42,,
2014-03-24,94.96,94.96,94.96,94.96,,
2014-03-25,94.96,94.96,94.96,94.96,,
2014-03-26,94.96,94.96,94.96,94.96,,
2014-03-27,97.24,97.24,97.24,97.24,,
2014-03-28,0.0,0.0,0.0,0.0,,
2014-03-31,0.0,0.0,0.0,0.0,,
2014-04-01,0.0,0.0,0.0,0.0,,
2014-04-02,0.0,0.0,0.0,0.0,,
2014-04-03,0.0,0.0,0.0,0.0,,
2014-04-04,0.0,0.0,0.0,0.0,,
2014-04-07,0.0,0.0,0.0,0.0,,
2014-04-09,0.0,0.0,0.0,0.0,,
2014-04-10,0.0,0.0,0.0,0.0,,
2014-04-11,0.0,0.0,0.0,0.0,,
2014-04-15,0.0,0.0,0.0,0.0,,
2014-04-16,0.0,0.0,0.0,0.0,,
2014-04-17,0.0,0.0,0.0,0.0,,
2014-04-21,0.0,0.0,0.0,0.0,,
2014-04-22,0.32,0.32,0.32,0.32,,
2014-04-23,0.32,0.32,0.32,0.32,,
2014-04-25,0.32,0.32,0.32,0.32,,
2014-04-28,0.32,0.32,0.32,0.32,,
2014-04-29,0.32,0.32,0.32,0.32,,
2014-04-30,0.32,0.32,0.32,0.32,,
2014-05-02,0.32,0.32,0.32,0.32,,
2014-05-05,0.32,0.32,0.32,0.32,,
2014-05-06,0.32,0.32,0.32,0.32,,
2014-05-07,0.32,0.32,0.32,0.32,,
2014-05-08,0.32,0.32,0.32,0.32,,
2014-05-09,0.32,0.32,0.32,0.32,,
2014-05-12,0.32,0.32,0.32,0.32,,
2014-05-13,0.32,0.32,0.32,0.32,,
2014-05-14,0.32,0.32,0.32,0.32,,
2014-05-15,0.32,0.32,0.32,0.32,,
2014-05-16,4.97,4.97,4.97,4.97,,
2014-05-19,4.97,4.97,4.97,4.97,,
2014-05-20,4.97,4.97,4.97,4.97,,
2014-05-21,4.97,4.97,4.97,4.97,,
2014-05-22,4.97,4.97,4.97,4.97,,
2014-05-23,4.97,4.97,4.97,4.97,,
2014-05-26,4.97,4.97,4.97,4.97,,
2014-05-27,4.97,4.97,4.97,4.97,,
2014-05-28,4.97,4.97,4.97,4.97,,
2014-05-29,12.52,12.52,12.52,12.52,,
2014-05-30,12.52,12.52,12.52,12.52,,
2014-06-02,12.52,12.52,12.52,12.52,,
2014-06-03,22.4,22.4,22.4,22.4,,
2014-06-04,22.4,22.4,22.4,22.4,,
2014-06-05,34.09,34.09,34.09,34.09,,
2014-06-06,37.13,37.13,37.13,37.13,,
2014-06-09,37.13,37.13,37.13,37.13,,
2014-06-10,37.13,37.13,37.13,37.13,,
2014-06-11,38.71,38.71,38.71,38.71,,
2014-06-12,41.27,41.27,41.27,41.27,,
2014-06-13,41.27,41.27,41.27,41.27,,
2014-06-16,42.29,42.29,42.29,42.29,,
2014-06-17,42.29,42.29,42.29,42.29,,
2014-06-18,42.29,42.29,42.29,42.29,,
2014-06-19,42.29,42.29,42.29,42.29,,
2014-06-20,42.29,42.29,42.29,42.29,,
2014-06-23,42.29,42.29,42.29,42.29,,
2014-06-24,42.29,42.29,42.29,42.29,,
2014-06-25,42.29,42.29,42.29,42.29,,
2014-06-26,42.29,42.29,42.29,42.29,,
2014-06-27,42.29,42.29,42.29,42.29,,
2014-06-30,42.29,42.29,42.29,42.29,,
2014-07-01,42.29,42.29,42.29,42.29,,
2014-07-02,42.29,42.29,42.29,42.29,,
2014-07-03,46.6,46.6,46.6,46.6,,
2014-07-04,53.84,53.84,53.84,53.84,,
2014-07-07,53.84,53.84,53.84,53.84,,
2014-07-08,53.84,53.84,53.84,53.84,,
2014-07-09,56.05,56.05,56.05,56.05,,
2014-07-11,56.89,56.89,56.89,56.89,,
2014-07-14,58.87,58.87,58.87,58.87,,
2014-07-15,58.87,58.87,58.87,58.87,,
2014-07-16,58.87,58.87,58.87,58.87,,
2014-07-17,61.76,61.76,61.76,61.76,,
2014-07-18,61.76,61.76,61.76,61.76,,
2014-07-21,62.94,62.94,62.94,62.94,,
2014-07-22,62.94,62.94,62.94,62.94,,
2014-07-23,63.62,63.62,63.62,63.62,,
2014-07-24,63.89,63.89,63.89,63.89,,
2014-07-25,64.78,64.78,64.78,64.78,,
2014-07-28,72.03,72.03,72.03,72.03,,
2014-07-30,72.44,72.44,72.44,72.44,,
2014-07-31,72.44,72.44,72.44,72.44,,
2014-08-01,72.44,72.44,72.44,72.44,,
2014-08-04,72.44,72.44,72.44,72.44,,
2014-08-05,73.4,73.4,73.4,73.4,,
2014-08-06,73.7,73.7,73.7,73.7,,
2014-08-07,73.7,73.7,73.7,73.7,,
2014-08-08,74.77,74.77,74.77,74.77,,
2014-08-11,74.77,74.77,74.77,74.77,,
2014-08-12,74.77,74.77,74.77,74.77,,
2014-08-13,79.29,79.29,79.29,79.29,,
2014-08-14,79.29,79.29,79.29,79.29,,
2014-08-18,79.29,79.29,79.29,79.29,,
2014-08-19,79.56,79.56,79.56,79.56,,
2014-08-20,79.96,79.96,79.96,79.96,,
2014-08-21,81.37,81.37,81.37,81.37,,
2014-08-22,81.37,81.37,81.37,81.37,,
2014-08-25,81.37,81.37,81.37,81.37,,
2014-08-26,81.37,81.37,81.37,81.37,,
2014-08-27,82.65,82.65,82.65,82.65,,
2014-08-28,82.65,82.65,82.65,82.65,,
2014-09-01,82.65,82.65,82.65,82.65,,
2014-09-02,82.65,82.65,82.65,82.65,,
2014-09-03,82.65,82.65,82.65,82.65,,
2014-09-04,83.51,83.51,83.51,83.51,,
2014-09-05,84.81,84.81,84.81,84.81,,
2014-09-08,85.6,85.6,85.6,85.6,,
2014-09-10,85.6,85.6,85.6,85.6,,
2014-09-11,86.07,86.07,86.07,86.07,,
2014-09-12,86.07,86.07,86.07,86.07,,
2014-09-15,86.07,86.07,86.07,86.07,,
2014-09-16,86.07,86.07,86.07,86.07,,
2014-09-17,86.07,86.07,86.07,86.07,,
2014-09-18,86.07,86.07,86.07,86.07,,
2014-09-19,86.07,86.07,86.07,86.07,,
2014-09-22,87.15,87.15,87.15,87.15,,
2014-09-23,87.15,87.15,87.15,87.15,,
2014-09-24,87.15,87.15,87.15,87.15,,
2014-09-25,87.15,87.15,87.15,87.15,,
2014-09-26,87.15,87.15,87.15,87.15,,
2014-09-29,87.15,87.15,87.15,87.15,,
2014-09-30,87.15,87.15,87.15,87.15,,
2014-10-01,87.15,87.15,87.15,87.15,,
2014-10-07,87.15,87.15,87.15,87.15,,
2014-10-08,87.15,87.15,87.15,87.15,,
2014-10-09,87.15,87.15,87.15,87.15,,
2014-10-10,87.15,87.15,87.15,87.15,,
2014-10-13,87.15,87.15,87.15,87.15,,
2014-10-14,87.15,87.15,87.15,87.15,,
2014-10-16,91.44,91.44,91.44,91.44,,
2014-10-17,91.44,91.44,91.44,91.44,,
2014-10-20,91.44,91.44,91.44,91.44,,
2014-10-21,91.91,91.91,91.91,91.91,,
2014-10-22,91.91,91.91,91.91,91.91,,
2014-10-23,91.91,91.91,91.91,91.91,,
2014-10-27,91.91,91.91,91.91,91.91,,
2014-10-28,91.91,91.91,91.91,91.91,,
2014-10-29,92.67,92.67,92.67,92.67,,
2014-10-30,92.67,92.67,92.67,92.67,,
2014-10-31,93.93,93.93,93.93,93.93,,
2014-11-03,94.54,94.54,94.54,94.54,,
2014-11-05,94.54,94.54,94.54,94.54,,
2014-11-07,94.54,94.54,94.54,94.54,,
2014-11-10,94.54,94.54,94.54,94.54,,
2014-11-11,94.54,94.54,94.54,94.54,,
2014-11-12,94.54,94.54,94.54,94.54,,
2014-11-13,95.24,95.24,95.24,95.24,,
2014-11-14,95.24,95.24,95.24,95.24,,
2014-11-17,95.24,95.24,95.24,95.24,,
2014-11-18,95.24,95.24,95.24,95.24,,
2014-11-19,95.24,95.24,95.24,95.24,,
2014-11-20,95.24,95.24,95.24,95.24,,
2014-11-21,95.24,95.24,95.24,95.24,,
2014-11-24,95.24,95.24,95.24,95.24,,
2014-11-25,95.24,95.24,95.24,95.24,,
2014-11-26,95.24,95.24,95.24,95.24,,
2014-11-27,95.24,95.24,95.24,95.24,,
2014-11-28,95.24,95.24,95.24,95.24,,
2014-12-01,95.24,95.24,95.24,95.24,,
2014-12-02,95.24,95.24,95.24,95.24,,
2014-12-03,95.24,95.24,95.24,95.24,,
2014-12-04,95.24,95.24,95.24,95.24,,
2014-12-05,95.24,95.24,95.24,95.24,,
2014-12-08,95.24,95.24,95.24,95.24,,
2014-12-09,95.24,95.24,95.24,95.24,,
2014-12-10,95.24,95.24,95.24,95.24,,
2014-12-11,95.24,95.24,95.24,95.24,,
2014-12-12,95.24,95.24,95.24,95.24,,
2014-12-15,95.24,95.24,95.24,95.24,,
2014-12-16,97.89,97.89,97.89,97.89,,
2014-12-17,97.89,97.89,97.89,97.89,,
2014-12-18,97.89,97.89,97.89,97.89,,
2014-12-19,97.89,97.89,97.89,97.89,,
2014-12-22,97.89,97.89,97.89,97.89,,
2014-12-23,97.89,97.89,97.89,97.89,,
2014-12-24,97.89,97.89,97.89,97.89,,
2014-12-26,97.89,97.89,97.89,97.89,,
2014-12-29,97.89,97.89,97.89,97.89,,
2014-12-30,97.89,97.89,97.89,97.89,,
2014-12-31,97.89,97.89,97.89,97.89,,
2015-01-01,97.89,97.89,97.89,97.89,,
2015-01-02,97.89,97.89,97.89,97.89,,
2015-01-05,97.89,97.89,97.89,97.89,,
2015-01-06,97.89,97.89,97.89,97.89,,
2015-01-09,97.89,97.89,97.89,97.89,,
2015-01-12,97.89,97.89,97.89,97.89,,
2015-01-13,97.89,97.89,97.89,97.89,,
2015-01-14,97.89,97.89,97.89,97.89,,
2015-01-15,97.89,97.89,97.89,97.89,,
2015-01-16,97.89,97.89,97.89,97.89,,
2015-01-19,97.89,97.89,97.89,97.89,,
2015-01-20,97.89,97.89,97.89,97.89,,
2015-01-21,97.89,97.89,97.89,97.89,,
2015-01-22,98.86,98.86,98.86,98.86,,
2015-01-23,98.86,98.86,98.86,98.86,,
2015-01-27,99.62,99.62,99.62,99.62,,
2015-01-28,99.62,99.62,99.62,99.62,,
2015-01-29,99.62,99.62,99.62,99.62,,
2015-01-30,99.62,99.62,99.62,99.62,,
2015-02-02,99.62,99.62,99.62,99.62,,
2015-02-03,99.62,99.62,99.62,99.62,,
2015-02-04,100.72,100.72,100.72,100.72,,
2015-02-05,100.72,100.72,100.72,100.72,,
2015-02-06,100.72,100.72,100.72,100.72,,
2015-02-09,100.72,100.72,100.72,100.72,,
2015-02-10,100.72,100.72,100.72,100.72,,
2015-02-11,100.72,100.72,100.72,100.72,,
2015-02-12,100.72,100.72,100.72,100.72,,
2015-02-16,100.86,100.86,100.86,100.86,,
2015-02-18,101.85,101.85,101.85,101.85,,
2015-02-19,101.85,101.85,101.85,101.85,,
2015-02-20,101.85,101.85,101.85,101.85,,
2015-02-23,101.85,101.85,101.85,101.85,,
2015-02-24,101.85,101.85,101.85,101.85,,
2015-02-25,101.85,101.85,101.85,101.85,,
2015-02-26,101.85,101.85,101.85,101.85,,
2015-02-27,101.85,101.85,101.85,101.85,,
2015-03-02,102.97,102.97,102.97,102.97,,
2015-03-03,110.76,110.76,110.76,110.76,,
2015-03-04,110.76,110.76,110.76,110.76,,
2015-03-05,110.76,110.76,110.76,110.76,,
2015-03-09,111.2,111.2,111.2,111.2,,
2015-03-10,111.2,111.2,111.2,111.2,,
2015-03-11,111.2,111.2,111.2,111.2,,
2015-03-12,111.72,111.72,111.72,111.72,,
2015-03-13,111.72,111.72,111.72,111.72,,
2015-03-16,111.72,111.72,111.72,111.72,,
2015-03-17,111.72,111.72,111.72,111.72,,
2015-03-18,111.72,111.72,111.72,111.72,,
2015-03-19,111.72,111.72,111.72,111.72,,
2015-03-20,119.25,119.25,119.25,119.25,,
2015-03-23,119.25,119.25,119.25,119.25,,
2015-03-24,121.35,121.35,121.35,121.35,,
2015-03-25,122.26,122.26,122.26,122.26,,
2015-03-26,122.26,122.26,122.26,122.26,,
2015-03-27,0.0,0.0,0.0,122.26,,
2015-03-30,0.0,0.0,0.0,0.0,,
2015-03-31,0.0,0.0,0.0,0.0,,
2015-04-01,0.0,0.0,0.0,0.0,,
2015-04-06,0.0,0.0,0.0,0.0,,
2015-04-07,0.0,0.0,0.0,0.0,,
2015-04-08,0.0,0.0,0.0,0.0,,
2015-04-09,0.0,0.0,0.0,0.0,,
2015-04-10,0.0,0.0,0.0,0.0,,
2015-04-13,0.0,0.0,0.0,0.0,,
2015-04-15,0.0,0.0,0.0,0.0,,
2015-04-16,0.0,0.0,0.0,0.0,,
2015-04-17,0.0,0.0,0.0,0.0,,
2015-04-20,0.0,0.0,0.0,0.0,,
2015-04-21,0.0,0.0,0.0,0.0,,
2015-04-22,0.0,0.0,0.0,0.0,,
2015-04-23,0.0,0.0,0.0,0.0,,
2015-04-24,0.62,0.62,0.62,0.62,,
2015-04-27,0.62,0.62,0.62,0.62,,
2015-04-28,0.62,0.62,0.62,0.62,,
2015-04-29,0.62,0.62,0.62,0.62,,
2015-04-30,0.62,0.62,0.62,0.62,,
2015-05-04,0.62,0.62,0.62,0.62,,
2015-05-05,0.62,0.62,0.62,0.62,,
2015-05-06,0.62,0.62,0.62,0.62,,
2015-05-07,0.62,0.62,0.62,0.62,,
2015-05-08,5.33,5.33,5.33,5.33,,
2015-05-11,5.33,5.33,5.33,5.33,,
2015-05-12,5.33,5.33,5.33,5.33,,
2015-05-13,5.33,5.33,5.33,5.33,,
2015-05-14,5.33,5.33,5.33,5.33,,
2015-05-15,5.33,5.33,5.33,5.33,,
2015-05-18,5.33,5.33,5.33,5.33,,
2015-05-19,5.33,5.33,5.33,5.33,,
2015-05-20,5.33,5.33,5.33,5.33,,
2015-05-21,6.16,6.16,6.16,6.16,,
2015-05-22,6.16,6.16,6.16,6.16,,
2015-05-25,6.16,6.16,6.16,6.16,,
2015-05-26,6.16,6.16,6.16,6.16,,
2015-05-27,6.16,6.16,6.16,6.16,,
2015-05-28,9.26,9.26,9.26,9.26,,
2015-05-29,9.26,9.26,9.26,9.26,,
2015-06-01,10.37,10.37,10.37,10.37,,
2015-06-02,10.37,10.37,10.37,10.37,,
2015-06-03,20.27,20.27,20.27,20.27,,
2015-06-04,28.47,28.47,28.47,28.47,,
2015-06-05,31.94,31.94,31.94,31.94,,
2015-06-08,31.94,31.94,31.94,31.94,,
2015-06-09,31.94,31.94,31.94,31.94,,
2015-06-10,31.94,31.94,31.94,31.94,,
2015-06-11,31.94,31.94,31.94,31.94,,
2015-06-12,31.94,31.94,31.94,31.94,,
2015-06-15,40.26,40.26,40.26,40.26,,
2015-06-16,41.11,41.11,41.11,41.11,,
2015-06-17,41.11,41.11,41.11,41.11,,
2015-06-18,41.24,41.24,41.24,41.24,,
2015-06-19,43.04,43.04,43.04,43.04,,
2015-06-22,43.74,43.74,43.74,43.74,,
2015-06-23,43.74,43.74,43.74,43.74,,
2015-06-24,44.29,44.29,44.29,44.29,,
2015-06-25,44.29,44.29,44.29,44.29,,
2015-06-26,44.29,44.29,44.29,44.29,,
2015-06-29,44.29,44.29,44.29,44.29,,
2015-06-30,44.29,44.29,44.29,44.29,,
2015-07-01,44.29,44.29,44.29,44.29,,
2015-07-02,48.73,48.73,48.73,48.73,,
2015-07-03,48.73,48.73,48.73,48.73,,
2015-07-06,49.47,49.47,49.47,49.47,,
2015-07-07,49.47,49.47,49.47,49.47,,
2015-07-08,50.11,50.11,50.11,50.11,,
2015-07-09,54.61,54.61,54.61,54.61,,
2015-07-10,55.33,55.33,55.33,55.33,,
2015-07-13,55.33,55.33,55.33,55.33,,
2015-07-14,55.84,55.84,55.84,55.84,,
2015-07-15,61.63,61.63,61.63,61.63,,
2015-07-16,63.19,63.19,63.19,63.19,,
2015-07-17,63.19,63.19,63.19,63.19,,
2015-07-20,65.95,65.95,65.95,65.95,,
2015-07-21,65.95,65.95,65.95,65.95,,
2015-07-22,66.24,66.24,66.24,66.24,,
2015-07-23,68.77,68.77,68.77,68.77,,
2015-07-24,68.77,68.77,68.77,68.77,,
2015-07-27,68.77,68.77,68.77,68.77,,
2015-07-28,68.77,68.77,68.77,68.77,,
2015-07-29,68.77,68.77,68.77,68.77,,
2015-07-31,69.12,69.12,69.12,69.12,,
2015-08-03,69.12,69.12,69.12,69.12,,
2015-08-05,69.12,69.12,69.12,69.12,,
2015-08-06,69.12,69.12,69.12,69.12,,
2015-08-07,70.45,70.45,70.45,70.45,,
2015-08-10,70.45,70.45,70.45,70.45,,
2015-08-11,70.74,70.74,70.74,70.74,,
2015-08-12,70.74,70.74,70.74,70.74,,
2015-08-13,71.61,71.61,71.61,71.61,,
2015-08-14,71.87,71.87,71.87,71.87,,
2015-08-17,71.87,71.87,71.87,71.87,,
2015-08-18,71.87,71.87,71.87,71.87,,
2015-08-19,71.87,71.87,71.87,71.87,,
2015-08-20,72.09,72.09,72.09,72.09,,
2015-08-21,72.09,72.09,72.09,72.09,,
2015-08-24,72.09,72.09,72.09,72.09,,
2015-08-25,72.09,72.09,72.09,72.09,,
2015-08-26,73.02,73.02,73.02,73.02,,
2015-08-27,73.41,73.41,73.41,73.41,,
2015-08-28,75.06,75.06,75.06,75.06,,
2015-08-31,75.06,75.06,75.06,75.06,,
