Date,Close,SharesTraded,Turnover
2006-12-29,1000.0,89082044.0,3546.25
2007-01-02,1013.82,74693747.0,2888.33
2007-01-03,1019.4,113489567.0,4777.45
2007-01-04,1014.53,113319656.0,4577.07
2007-01-05,1011.02,105410282.0,4437.12
2007-01-08,997.62,96848442.0,4283.25
2007-01-09,990.36,98629271.0,4357.79
2007-01-10,977.49,99293090.0,4509.2
2007-01-11,998.14,105087206.0,5045.61
2007-01-12,1018.32,118388572.0,5194.63
2007-01-15,1028.19,133220724.0,4844.91
2007-01-16,1030.3,154677468.0,4179.61
2007-01-17,1033.29,149497531.0,4259.38
2007-01-18,1038.26,145329712.0,5023.12
2007-01-19,1032.35,131987945.0,5314.53
2007-01-22,1033.54,97078023.0,4111.61
2007-01-23,1021.75,130867633.0,4240.36
2007-01-24,1024.73,156869847.0,4775.75
2007-01-25,1036.63,182010922.0,6883.7
2007-01-29,1036.08,125807659.0,4737.44
2007-01-31,1025.52,157897524.0,6224.78
2007-02-01,1036.27,124847716.0,4316.55
2007-02-02,1048.4,144784379.0,5448.88
2007-02-05,1055.57,111945223.0,4155.41
2007-02-06,1054.67,137061854.0,5019.73
2007-02-07,1061.21,122587793.0,4865.0
2007-02-08,1060.45,120609129.0,4348.19
2007-02-09,1046.4,108921977.0,4213.06
2007-02-12,1016.06,127296786.0,4653.87
2007-02-13,1009.72,139759574.0,5336.55
2007-02-14,1012.29,113937219.0,4718.25
2007-02-15,1040.81,117048760.0,4820.77
2007-02-19,1042.03,98661077.0,3780.25
2007-02-20,1029.72,98740002.0,4017.26
2007-02-21,1026.2,118948958.0,4445.43
2007-02-22,1014.01,176092830.0,7149.77
2007-02-23,990.87,138087341.0,5715.26
2007-02-26,992.14,129680343.0,5878.28
2007-02-27,985.9,112590766.0,4698.24
2007-02-28,945.26,205145837.0,8263.49
2007-03-01,958.47,163531910.0,6303.8
2007-03-02,938.02,134293989.0,5309.31
2007-03-05,896.84,152812706.0,5653.38
2007-03-06,915.57,155331124.0,5449.77
2007-03-07,907.16,137128539.0,5155.91
2007-03-08,940.61,127037404.0,4554.53
2007-03-09,929.9,149327672.0,4982.53
2007-03-12,934.3,111415688.0,4095.56
2007-03-13,943.74,117995993.0,4416.53
2007-03-14,915.94,116470060.0,4662.55
2007-03-15,925.01,100373633.0,4089.41
2007-03-16,916.55,82645182.0,3538.1
2007-03-19,932.28,65532451.0,2500.7
2007-03-20,937.28,88948106.0,3418.35
2007-03-21,948.23,93987011.0,3335.61
2007-03-22,969.03,113647128.0,4467.57
2007-03-23,969.06,111163104.0,4061.36
2007-03-26,961.14,81077584.0,3615.12
2007-03-28,945.77,111325069.0,4633.8
2007-03-29,952.13,133850157.0,5390.75
2007-03-30,962.74,100133771.0,3758.73
2007-04-02,920.38,91152632.0,3985.58
2007-04-03,932.53,92784061.0,3849.01
2007-04-04,942.29,124836104.0,4426.75
2007-04-05,946.13,110290502.0,3799.03
2007-04-09,967.98,96634510.0,3282.35
2007-04-10,967.44,109562954.0,4151.09
2007-04-11,970.56,136952450.0,4586.13
2007-04-12,968.15,102019115.0,3905.28
2007-04-13,989.13,130714209.0,5424.08
2007-04-16,1012.3,125189152.0,4898.89
2007-04-17,1004.5,123145165.0,5059.48
2007-04-18,1008.06,109559747.0,4250.86
2007-04-19,1004.51,107756686.0,4287.95
2007-04-20,1023.86,133468090.0,4964.74
2007-04-23,1027.12,141452036.0,4468.09
2007-04-24,1037.7,143926635.0,6027.49
2007-04-25,1041.37,142668700.0,6005.12
2007-04-26,1043.16,154551694.0,6805.58
2007-04-27,1023.79,114616736.0,4667.7
2007-04-30,1033.02,102288286.0,4320.01
2007-05-03,1048.99,119042221.0,5088.87
2007-05-04,1040.13,113536432.0,4378.58
2007-05-07,1037.36,101806795.0,3771.23
2007-05-08,1028.01,107161069.0,4375.56
2007-05-09,1028.62,99048729.0,4064.56
2007-05-10,1024.32,132896156.0,4475.44
2007-05-11,1025.62,132399072.0,4688.2
2007-05-14,1037.4,137831932.0,3571.16
2007-05-15,1033.17,177641956.0,4354.54
2007-05-16,1044.35,185752824.0,5491.87
2007-05-17,1056.2,165192232.0,6106.19
2007-05-18,1056.25,128405131.0,4358.38
2007-05-21,1063.17,149617118.0,4809.99
2007-05-22,1068.69,180866509.0,5674.47
2007-05-23,1062.53,168750973.0,5392.89
2007-05-24,1056.32,140600941.0,5016.28
2007-05-25,1066.41,154542508.0,5647.66
2007-05-28,1071.17,165869177.0,4904.95
2007-05-29,1082.88,148579532.0,5234.29
2007-05-30,1073.75,157975431.0,6105.76
2007-05-31,1082.73,187696996.0,6456.15
2007-06-01,1087.12,146585171.0,4771.37
2007-06-04,1076.58,135637608.0,4050.28
2007-06-05,1080.44,134825403.0,4282.98
2007-06-06,1062.86,163849860.0,5174.93
2007-06-07,1060.05,136910070.0,4739.21
2007-06-08,1050.62,136056906.0,5733.32
2007-06-11,1051.78,120316924.0,4483.89
2007-06-12,1052.08,128257419.0,4602.91
2007-06-13,1045.21,105845818.0,4148.68
2007-06-14,1062.31,107410370.0,4385.0
2007-06-15,1062.34,107367082.0,4038.22
2007-06-18,1055.46,95813699.0,3644.37
2007-06-19,1069.58,91972234.0,3909.6
2007-06-20,1079.16,132363271.0,5045.17
2007-06-21,1084.94,120156187.0,5223.87
2007-06-22,1082.15,121518153.0,4303.15
2007-06-25,1083.69,93937845.0,4069.64
2007-06-26,1088.72,91734470.0,3987.27
2007-06-27,1084.61,101654169.0,4364.91
2007-06-28,1089.0,174039075.0,6234.83
2007-06-29,1098.0,146805466.0,4951.71
2007-07-02,1102.28,147764399.0,5103.18
2007-07-03,1114.06,146378477.0,5141.71
2007-07-04,1117.47,137695558.0,5176.06
2007-07-05,1115.52,130558747.0,4794.54
2007-07-06,1126.3,127389898.0,5435.61
2007-07-09,1135.26,95781268.0,4473.57
2007-07-10,1133.43,156018346.0,5379.7
2007-07-11,1130.95,164043943.0,5892.83
2007-07-12,1144.19,183651802.0,7072.74
2007-07-13,1156.4,201994669.0,8461.38
2007-07-16,1156.9,145818084.0,5758.44
2007-07-17,1152.83,181220624.0,5890.85
2007-07-18,1151.99,165927634.0,5386.83
2007-07-19,1167.93,131733415.0,5830.8
2007-07-20,1173.11,197441308.0,7026.09
2007-07-23,1187.52,165664166.0,6184.57
2007-07-24,1189.62,153110527.0,6654.28
2007-07-25,1175.57,148496708.0,6490.42
2007-07-26,1182.77,172514183.0,8353.81
2007-07-27,1140.61,158635177.0,7868.86
2007-07-30,1140.39,162689384.0,6018.96
2007-07-31,1162.92,147217464.0,6112.35
2007-08-01,1115.73,157231036.0,6704.99
2007-08-02,1119.03,117348770.0,5162.5
2007-08-03,1130.54,117624206.0,4631.91
2007-08-06,1112.5,113121637.0,4551.72
2007-08-07,1120.41,140990923.0,4500.07
2007-08-08,1145.67,160778672.0,5497.42
2007-08-09,1129.35,146114738.0,5567.72
2007-08-10,1115.97,141147470.0,5374.25
2007-08-13,1126.67,104375505.0,3412.84
2007-08-14,1125.45,102757356.0,3037.03
2007-08-16,1079.72,159253257.0,5947.03
2007-08-17,1062.32,188967849.0,8095.22
2007-08-20,1080.67,104153554.0,4323.96
2007-08-21,1048.18,128203838.0,5080.21
2007-08-22,1064.55,132606867.0,5305.4
2007-08-23,1059.49,137716824.0,5723.75
2007-08-24,1079.64,99079599.0,4004.47
2007-08-27,1107.34,91814290.0,3757.4
2007-08-28,1116.25,99479924.0,4087.92
2007-08-29,1123.28,125813798.0,5520.13
2007-08-30,1132.64,179983096.0,7789.78
2007-08-31,1146.71,128637340.0,5240.87
2007-09-03,1153.49,149125686.0,4530.19
2007-09-04,1159.8,169797226.0,5132.02
2007-09-05,1158.89,153552755.0,5436.31
2007-09-06,1168.83,127983598.0,4777.82
2007-09-07,1164.92,129990761.0,4663.4
2007-09-10,1164.51,129332605.0,4185.89
2007-09-11,1162.56,156361255.0,5020.34
2007-09-12,1163.51,135629201.0,4732.95
2007-09-13,1172.12,145279230.0,5075.14
2007-09-14,1166.52,132053858.0,5079.49
2007-09-17,1163.12,105079359.0,4329.73
2007-09-18,1174.08,133080126.0,4992.27
2007-09-19,1211.14,174641562.0,7448.16
2007-09-20,1218.19,194686503.0,7043.96
2007-09-21,1237.8,409468368.0,8662.56
2007-09-24,1257.48,360452807.0,9971.53
2007-09-25,1260.01,337286256.0,8980.77
2007-09-26,1259.22,336097731.0,8528.12
2007-09-27,1271.36,306585994.0,11499.63
2007-09-28,1278.29,315121839.0,9515.42
2007-10-01,1291.4,274594333.0,9615.28
2007-10-03,1323.67,353310993.0,13769.35
2007-10-04,1329.54,261992462.0,10208.19
2007-10-05,1332.08,213919297.0,8966.55
2007-10-08,1304.74,222678657.0,8825.57
2007-10-09,1361.3,259688337.0,9980.89
2007-10-10,1395.1,260543790.0,12780.44
2007-10-11,1408.66,191795529.0,9343.64
2007-10-12,1384.9,302408465.0,13890.36
2007-10-15,1434.15,260844016.0,11704.46
2007-10-16,1432.66,275277846.0,13323.97
2007-10-17,1409.58,306004700.0,15062.19
2007-10-18,1362.49,361800074.0,15455.59
2007-10-19,1322.23,266749630.0,11533.58
2007-10-22,1315.36,192847320.0,9588.56
2007-10-23,1384.02,215666708.0,10974.62
2007-10-24,1393.56,234473291.0,11874.23
2007-10-25,1408.98,278932279.0,13512.42
2007-10-26,1444.47,265155311.0,11683.51
2007-10-29,1489.16,304929947.0,12789.66
2007-10-30,1484.05,324455338.0,12391.56
2007-10-31,1490.63,296706869.0,13451.32
2007-11-01,1475.93,398713969.0,15823.05
2007-11-02,1488.15,285972580.0,11688.75
2007-11-05,1475.55,397146300.0,13588.8
2007-11-06,1463.61,389686662.0,13220.89
2007-11-07,1460.98,276267484.0,10787.42
2007-11-08,1442.68,234958541.0,10065.25
2007-11-09,1436.38,49415701.0,1684.33
2007-11-12,1417.01,258834426.0,10632.4
2007-11-13,1438.08,296756102.0,11697.25
2007-11-14,1488.94,279384612.0,11388.51
2007-11-15,1487.73,353630381.0,11160.2
2007-11-16,1485.48,278687848.0,8510.96
2007-11-19,1499.41,221882565.0,8174.58
2007-11-20,1471.13,224357464.0,10010.27
2007-11-21,1414.31,208419009.0,8930.39
2007-11-22,1397.28,227828440.0,9072.33
2007-11-23,1427.9,183541095.0,7726.32
2007-11-26,1460.94,177069525.0,7739.5
2007-11-27,1454.1,208312547.0,6945.27
2007-11-28,1439.52,218767499.0,7902.17
2007-11-29,1433.44,241433687.0,11555.43
2007-11-30,1467.3,288455105.0,11266.91
2007-12-03,1498.0,219033078.0,9035.83
2007-12-04,1505.82,274690811.0,9651.48
2007-12-05,1522.88,272336074.0,9580.3
2007-12-06,1524.21,277919565.0,10153.2
2007-12-07,1526.92,249971946.0,10686.96
2007-12-10,1526.5,207587198.0,7619.8
2007-12-11,1549.91,217721470.0,9405.92
2007-12-12,1564.54,240154813.0,11211.91
2007-12-13,1548.12,235035708.0,10554.22
2007-12-14,1551.38,200062008.0,9047.43
2007-12-17,1487.06,235359850.0,9976.09
2007-12-18,1475.78,226859700.0,10135.14
2007-12-19,1477.1,197013208.0,8521.88
2007-12-20,1483.48,145989493.0,7250.59
2007-12-24,1531.75,149311583.0,7761.48
2007-12-26,1559.88,174169675.0,7898.51
2007-12-27,1556.94,290986801.0,12600.84
2007-12-28,1566.6,205473485.0,8266.59
2007-12-31,1582.64,240307665.0,8163.57
2008-01-01,1585.98,208342551.0,6849.27
2008-01-02,1595.32,259237882.0,9906.72
2008-01-03,1594.74,309809480.0,12677.29
2008-01-04,1615.33,272822010.0,11710.5
2008-01-07,1613.83,266682688.0,11316.01
2008-01-08,1607.87,296867907.0,13530.16
2008-01-09,1601.75,250669176.0,10784.51
2008-01-10,1564.4,246708693.0,11337.29
2008-01-11,1567.81,222643853.0,10106.33
2008-01-14,1573.49,226646455.0,9930.02
2008-01-15,1546.57,221026463.0,10706.94
2008-01-16,1510.67,260809036.0,12779.99
2008-01-17,1507.29,218467859.0,11411.14
2008-01-18,1450.28,221842090.0,11387.37
2008-01-21,1312.24,329236563.0,14734.67
2008-01-22,1236.14,334277774.0,12777.78
2008-01-23,1314.36,299724064.0,11306.09
2008-01-24,1269.6,264201625.0,9723.87
2008-01-25,1354.93,199616080.0,7498.15
2008-01-28,1331.8,169377625.0,6438.38
2008-01-29,1335.47,176013751.0,6337.59
2008-01-30,1305.8,169350227.0,6580.98
2008-01-31,1299.33,301808218.0,12424.35
2008-02-01,1330.27,176470275.0,7282.79
2008-02-04,1370.76,191201944.0,8024.87
2008-02-05,1379.61,189264921.0,7251.23
2008-02-06,1345.03,243145185.0,7954.3
2008-02-07,1300.37,229605090.0,7584.27
2008-02-08,1293.58,230715356.0,8043.94
2008-02-11,1227.68,221055449.0,9028.76
2008-02-12,1218.5,207594021.0,7510.1
2008-02-13,1232.41,219409724.0,7851.84
2008-02-14,1294.42,216775849.0,7916.75
2008-02-15,1318.51,227003327.0,7683.81
2008-02-18,1310.24,170858890.0,5355.29
2008-02-19,1312.59,184480526.0,5950.66
2008-02-20,1284.38,187638928.0,6197.71
2008-02-21,1301.07,210985497.0,6756.77
2008-02-22,1282.9,148836745.0,4986.42
2008-02-25,1305.41,144193795.0,5324.51
2008-02-26,1325.68,160417826.0,6069.66
2008-02-27,1327.58,165995191.0,6959.82
2008-02-28,1327.13,189224448.0,7991.86
2008-02-29,1305.0,208149039.0,8268.47
2008-03-03,1245.2,166327011.0,6525.97
2008-03-04,1219.34,213342544.0,7601.16
2008-03-05,1228.31,161103179.0,6085.6
2008-03-07,1186.9,228208666.0,8364.61
2008-03-10,1185.44,267486109.0,9367.87
2008-03-11,1213.31,248582933.0,8704.92
2008-03-12,1211.89,212893543.0,7831.87
2008-03-13,1147.69,223560623.0,7797.58
2008-03-14,1173.45,217377626.0,7136.57
2008-03-17,1109.5,199742062.0,6739.29
2008-03-18,1112.09,251884596.0,8413.37
2008-03-19,1120.39,219140185.0,7801.31
2008-03-24,1120.57,189547394.0,6269.6
2008-03-25,1182.51,238694845.0,7688.27
2008-03-26,1178.82,199895256.0,6521.49
2008-03-27,1174.91,251177116.0,9098.97
2008-03-28,1215.34,223360633.0,7897.6
2008-03-31,1176.42,193736634.0,6811.26
2008-04-01,1172.09,148841624.0,5858.85
2008-04-02,1175.92,146464090.0,5838.22
2008-04-03,1178.48,160340499.0,6956.54
2008-04-04,1149.72,161867634.0,6695.24
2008-04-07,1174.43,169597032.0,6725.72
2008-04-08,1161.87,173984858.0,6786.6
2008-04-09,1172.71,155312421.0,5712.8
2008-04-10,1172.67,179670027.0,7036.21
2008-04-11,1186.29,147607956.0,6551.28
2008-04-15,1211.86,198770362.0,7634.57
2008-04-16,1221.59,209964252.0,7425.98
2008-04-17,1237.0,209838271.0,7491.72
2008-04-21,1256.32,190320875.0,6768.64
2008-04-22,1258.41,237115782.0,8031.71
2008-04-23,1257.33,241213293.0,7758.94
2008-04-24,1254.31,250743779.0,8773.35
2008-04-25,1275.42,232383634.0,8053.39
2008-04-28,1270.99,199922817.0,7047.08
2008-04-29,1295.69,292481491.0,10465.91
2008-04-30,1293.15,225572711.0,8964.38
2008-05-02,1311.03,218982153.0,8188.12
2008-05-05,1306.49,220307112.0,7862.79
2008-05-06,1291.45,212034639.0,7954.67
2008-05-07,1288.62,208981989.0,8358.82
2008-05-08,1275.47,171531848.0,6623.5
2008-05-09,1249.46,170260732.0,7003.37
2008-05-12,1251.52,182212920.0,6503.41
2008-05-13,1243.59,194099815.0,7566.29
2008-05-14,1261.2,185898915.0,7587.11
2008-05-15,1283.13,185671099.0,8353.7
2008-05-16,1293.42,202816621.0,7498.83
2008-05-20,1283.58,187341180.0,7091.29
2008-05-21,1291.32,219459299.0,7682.71
2008-05-22,1271.51,171135086.0,6516.37
2008-05-23,1251.62,189148622.0,6845.72
2008-05-26,1233.32,150615528.0,6214.83
2008-05-27,1232.43,157660631.0,5783.52
2008-05-28,1244.1,169746980.0,6867.9
2008-05-29,1235.87,235053153.0,10296.25
2008-05-30,1244.38,181261549.0,84409.04
2008-06-02,1217.23,155096056.0,6600.2
2008-06-03,1207.84,187654531.0,7575.5
2008-06-04,1168.61,191075982.0,7980.83
2008-06-05,1185.65,212568039.0,10006.43
2008-06-06,1178.23,154859524.0,7210.21
2008-06-09,1144.57,197292011.0,8092.45
2008-06-10,1136.09,198573359.0,8227.92
2008-06-11,1154.9,199200532.0,8416.88
2008-06-12,1160.94,201156085.0,7781.57
2008-06-13,1156.49,179799574.0,6771.16
2008-06-16,1168.4,147827391.0,5908.46
2008-06-17,1185.42,150753182.0,5970.46
2008-06-18,1167.23,189561778.0,6666.46
2008-06-19,1148.19,128592041.0,5189.21
2008-06-20,1108.39,170027884.0,6846.36
2008-06-23,1078.88,164748796.0,6430.28
2008-06-24,1060.17,177103019.0,6984.93
2008-06-25,1074.12,197870671.0,7165.43
2008-06-26,1088.36,252433502.0,9689.72
2008-06-27,1047.84,201386009.0,7641.85
2008-06-30,1021.4,184677722.0,6477.68
2008-07-01,984.7,209712725.0,6922.25
2008-07-02,1032.37,282347726.0,9084.94
2008-07-03,990.63,227072152.0,7100.12
2008-07-04,1015.41,248856515.0,7317.7
2008-07-07,1020.5,197147100.0,5994.75
2008-07-08,1009.24,202007874.0,6392.85
2008-07-09,1051.75,215174443.0,6906.71
2008-07-10,1049.72,205167101.0,6594.08
2008-07-11,1018.15,215795255.0,7539.34
2008-07-14,1012.16,179936395.0,6255.62
2008-07-15,974.37,180793477.0,6508.52
2008-07-16,965.65,203213871.0,6558.26
2008-07-17,994.56,213964426.0,6957.62
2008-07-18,1015.53,228009822.0,7489.75
2008-07-21,1025.84,172818136.0,6266.92
2008-07-22,1041.39,218493983.0,7466.43
2008-07-23,1095.86,362541450.0,12256.01
2008-07-24,1085.6,333850725.0,100463.83
2008-07-25,1061.8,254800871.0,8569.52
2008-07-28,1067.79,180164431.0,6332.85
2008-07-29,1036.44,204278487.0,6534.25
2008-07-30,1069.25,247025935.0,7632.89
2008-07-31,1073.24,284476650.0,9158.55
2008-08-01,1093.01,286438156.0,9542.46
2008-08-04,1092.65,260780969.0,7696.55
2008-08-05,1112.0,293841959.0,9742.43
2008-08-06,1118.29,285860740.0,10383.97
2008-08-07,1118.37,227727776.0,7305.91
2008-08-08,1118.7,212765892.0,6460.01
2008-08-11,1138.15,202150160.0,6854.47
2008-08-12,1122.05,210591779.0,8009.26
2008-08-13,1118.94,212378025.0,6426.69
2008-08-14,1100.95,183963330.0,6063.46
2008-08-18,1090.16,146102263.0,4702.33
2008-08-19,1083.7,158144290.0,4715.02
2008-08-20,1096.12,161436223.0,4758.1
2008-08-21,1069.65,161204765.0,4615.46
2008-08-22,1078.25,161477805.0,5260.72
2008-08-25,1077.71,127277949.0,4036.76
2008-08-26,1075.51,151065543.0,4862.06
2008-08-27,1067.26,139020110.0,4810.67
2008-08-28,1049.22,205773873.0,7700.64
2008-08-29,1080.26,164084612.0,5441.9
2008-09-01,1075.45,134454485.0,4559.91
2008-09-02,1106.81,193747494.0,6460.76
2008-09-04,1096.03,171600582.0,6019.14
2008-09-05,1070.76,150876014.0,5668.5
2008-09-08,1096.46,152146361.0,6142.69
2008-09-09,1093.77,127291866.0,51141.4
2008-09-10,1077.15,169788980.0,6405.49
2008-09-11,1053.1,154597358.0,6268.39
2008-09-12,1033.13,195294171.0,7557.63
2008-09-15,993.78,187053756.0,6567.76
2008-09-16,986.46,200597600.0,6593.09
2008-09-17,971.07,193131930.0,6534.71
2008-09-18,970.56,285818352.0,9614.53
2008-09-19,1016.48,288386729.0,9971.74
2008-09-22,1010.9,206072026.0,6750.74
2008-09-23,988.0,222825378.0,6651.06
2008-09-24,996.36,214320430.0,7383.67
2008-09-25,984.63,286063716.0,9246.24
2008-09-26,953.88,194377422.0,5909.77
2008-09-29,919.34,259241892.0,7782.72
2008-09-30,932.62,304081809.0,8942.74
2008-10-01,938.19,207704290.0,5928.82
2008-10-03,902.88,211602197.0,7380.36
2008-10-06,844.46,200260879.0,6150.25
2008-10-07,836.06,252052307.0,7423.18
2008-10-08,809.92,290608166.0,7848.7
2008-10-10,750.38,306387658.0,8800.67
2008-10-13,795.84,239164937.0,6065.65
2008-10-14,813.25,258617392.0,6656.77
2008-10-15,765.63,225913083.0,5956.3
2008-10-16,744.2,288396189.0,7305.68
2008-10-17,705.67,248061078.0,6248.8
2008-10-20,713.93,251577419.0,6032.88
2008-10-21,744.43,305242947.0,7151.14
2008-10-22,709.85,227711606.0,5207.52
2008-10-23,683.15,288426869.0,6410.99
2008-10-24,612.75,348320979.0,6474.3
2008-10-27,603.17,358969896.0,5987.39
2008-10-28,639.08,61519237.0,989.44
2008-10-29,640.0,380294035.0,7632.36
2008-10-31,684.97,330433654.0,7475.6
2008-11-03,715.76,311459022.0,6182.17
2008-11-04,729.74,393863365.0,7103.59
2008-11-05,697.94,412833871.0,8147.99
2008-11-06,676.31,337179185.0,6573.07
2008-11-07,690.72,304126831.0,5664.33
2008-11-10,730.33,320331727.0,5813.42
2008-11-11,687.27,282705299.0,5644.34
2008-11-12,667.88,322485338.0,6415.85
2008-11-14,655.37,324575998.0,6893.36
2008-11-17,650.97,291572327.0,5290.15
2008-11-18,629.83,270915160.0,5129.57
2008-11-19,618.65,286924729.0,5841.07
2008-11-20,596.18,259469431.0,4726.72
2008-11-21,620.53,348844914.0,5980.41
2008-11-24,624.86,273365129.0,5209.8
2008-11-25,612.0,276309761.0,5184.0
2008-11-26,626.13,296212671.0,5414.04
2008-11-28,629.18,294593308.0,6089.08
2008-12-01,616.03,279201627.0,5215.76
2008-12-02,609.04,276961311.0,4911.63
2008-12-03,607.03,298305843.0,5162.98
2008-12-04,635.07,387103660.0,6037.9
2008-12-05,620.54,375141955.0,5522.68
2008-12-08,631.11,337078209.0,5973.42
2008-12-10,662.83,421029380.0,7244.17
2008-12-11,664.4,463467271.0,7558.93
2008-12-12,665.76,422282438.0,7143.69
2008-12-15,680.88,420485930.0,7016.08
2008-12-16,693.94,391208461.0,6803.26
2008-12-17,670.62,477241779.0,8690.48
2008-12-18,688.65,499181044.0,8611.82
2008-12-19,695.33,504792687.0,8222.18
2008-12-22,685.92,426290185.0,6458.49
2008-12-23,669.4,386308841.0,5851.56
2008-12-24,658.24,423826357.0,6652.51
2008-12-26,645.29,306808429.0,4624.91
2008-12-29,657.09,393071595.0,6183.14
2008-12-30,670.87,385567955.0,5785.23
2008-12-31,669.21,378753169.0,5735.14
2009-01-01,688.4,314360567.0,4634.42
2009-01-02,691.78,443708873.0,6736.08
2009-01-05,709.24,392822827.0,6665.01
2009-01-06,708.88,444521582.0,7720.25
2009-01-07,658.59,781152660.0,9914.22
2009-01-09,643.39,709741811.0,8815.11
2009-01-12,624.76,329572853.0,6032.26
2009-01-13,621.22,357440653.0,6100.45
2009-01-14,644.66,311920644.0,5457.78
2009-01-15,626.62,288165936.0,4888.99
2009-01-16,643.55,284836556.0,4604.21
2009-01-19,647.85,365008994.0,4124.15
2009-01-20,634.98,265016857.0,4231.73
2009-01-21,616.35,246772911.0,4462.01
2009-01-22,615.17,254053024.0,5056.89
2009-01-23,607.72,230159964.0,4330.54
2009-01-27,626.47,235581229.0,4456.52
2009-01-28,641.9,303198076.0,4913.55
2009-01-29,637.28,375780643.0,6361.05
2009-01-30,648.91,343508027.0,5929.6
2009-02-02,631.13,265091892.0,4746.91
2009-02-03,634.4,291948356.0,5372.38
2009-02-04,636.66,239421746.0,4234.17
2009-02-05,629.51,207661485.0,3885.76
2009-02-06,643.9,241590902.0,4094.26
2009-02-09,660.06,240174300.0,4429.22
2009-02-10,665.6,347057950.0,5964.59
2009-02-11,663.22,270634728.0,4657.95
2009-02-12,655.32,260896038.0,4246.54
2009-02-13,666.67,220885022.0,4601.02
2009-02-16,644.78,276365501.0,4758.57
2009-02-17,628.78,203388263.0,3875.58
2009-02-18,631.4,230663593.0,4456.31
2009-02-19,633.61,186060166.0,3798.57
2009-02-20,621.5,170466888.0,3656.22
2009-02-24,620.75,190472778.0,4045.05
2009-02-25,626.63,182791635.0,3884.06
2009-02-26,632.93,258582269.0,5667.71
2009-02-27,626.44,196722340.0,4607.39
2009-03-02,609.76,198260603.0,4010.3
2009-03-03,598.62,228197524.0,4259.33
2009-03-04,603.74,200395418.0,4393.3
2009-03-05,589.13,238655795.0,4986.04
2009-03-06,597.2,219691746.0,4171.76
2009-03-09,587.96,174183986.0,3164.44
2009-03-12,597.9,199140177.0,4664.52
2009-03-13,621.8,255201445.0,5567.78
2009-03-16,634.62,308181623.0,5497.66
2009-03-17,630.03,345263690.0,5739.31
2009-03-18,639.81,302798552.0,6634.18
2009-03-19,641.34,276209215.0,6339.28
2009-03-20,639.6,243690695.0,5425.62
2009-03-23,665.3,281058036.0,5948.23
2009-03-24,664.05,405600147.0,7196.35
2009-03-25,676.18,434860950.0,7318.21
2009-03-26,696.49,480138389.0,9720.95
2009-03-27,701.87,437886856.0,7281.42
2009-03-30,680.99,306248127.0,5635.56
2009-03-31,692.85,389246900.0,6652.92
2009-04-01,701.9,358643793.0,6226.82
2009-04-02,731.72,450989839.0,7882.8
2009-04-06,744.07,423028206.0,7881.28
2009-04-08,762.41,506159855.0,9887.78
2009-04-09,764.75,513119159.0,9073.27
2009-04-13,773.11,449303817.0,8089.25
2009-04-15,797.17,598078818.0,11383.46
2009-04-16,768.79,651826965.0,11215.62
2009-04-17,775.35,544387336.0,9387.65
2009-04-20,780.44,337647996.0,7063.18
2009-04-21,776.42,368158268.0,7292.05
2009-04-22,769.65,351291695.0,6688.77
2009-04-23,790.0,317393071.0,6537.16
2009-04-24,802.76,331227330.0,7333.03
2009-04-27,801.0,332363635.0,7283.75
2009-04-28,780.13,276937735.0,6428.09
2009-04-29,803.74,307002857.0,7287.16
2009-05-04,839.7,290446975.0,7516.15
2009-05-05,840.29,360315951.0,7881.66
2009-05-06,834.43,396827322.0,8892.52
2009-05-07,846.65,311074137.0,6896.65
2009-05-08,836.8,318909826.0,7119.02
2009-05-11,823.56,267337366.0,5792.73
2009-05-12,848.76,305101631.0,6969.71
2009-05-13,841.56,336795449.0,7382.14
2009-05-14,835.27,262668224.0,6446.57
2009-05-15,853.35,303737735.0,7642.78
2009-05-18,994.5,3098629.0,94.64
2009-05-19,975.86,645444993.0,19564.14
2009-05-20,976.26,481315618.0,13615.79
2009-05-21,961.01,426851825.0,10341.01
2009-05-22,973.85,339170578.0,8837.01
2009-05-25,977.33,366091625.0,8751.44
2009-05-26,956.46,346184432.0,8249.89
2009-05-27,988.69,364731460.0,10055.5
2009-05-28,998.93,441361935.0,12615.82
2009-05-29,1024.71,531592598.0,13801.93
2009-06-01,1042.41,476438935.0,11175.71
2009-06-02,1042.21,418428947.0,10605.55
2009-06-03,1044.66,443937454.0,10788.51
2009-06-04,1058.97,510707334.0,11466.62
2009-06-05,1068.02,445041670.0,11157.72
2009-06-08,1041.02,402836882.0,9707.15
2009-06-09,1071.7,445475781.0,11151.47
2009-06-10,1095.84,443404147.0,13024.42
2009-06-11,1088.18,422804032.0,11760.01
2009-06-12,1078.39,408553892.0,11354.58
2009-06-15,1050.0,530496717.0,11681.28
2009-06-16,1054.76,435013273.0,10574.69
2009-06-17,1021.09,379259200.0,10084.94
2009-06-18,998.65,365787478.0,9615.93
2009-06-19,1018.79,343266428.0,8829.42
2009-06-22,1002.96,307329881.0,8151.86
2009-06-23,1005.18,353495602.0,9432.61
2009-06-24,1020.95,368493398.0,9047.83
2009-06-25,1013.0,435927299.0,11656.34
2009-06-26,1042.56,297020493.0,8611.69
2009-06-29,1050.57,338134526.0,8725.49
2009-06-30,1024.85,364213304.0,9435.12
2009-07-01,1036.25,344693465.0,8640.56
2009-07-02,1036.94,323168558.0,9673.07
2009-07-03,1048.41,312063879.0,8211.66
2009-07-06,995.8,400610507.0,11130.72
2009-07-07,1003.12,319365770.0,8911.02
2009-07-08,976.17,325896666.0,8585.49
2009-07-09,979.18,312510091.0,7793.11
2009-07-10,964.42,300855136.0,7980.0
2009-07-13,951.57,260550344.0,6624.31
2009-07-14,983.41,262594678.0,7164.12
2009-07-15,1014.1,330103462.0,8690.25
2009-07-16,1015.95,352716287.0,10338.32
2009-07-17,1039.75,329362386.0,9341.27
2009-07-20,1073.09,349364687.0,9573.85
2009-07-21,1067.53,319691578.0,8766.27
2009-07-22,1053.99,347915059.0,9713.5
2009-07-23,1079.89,289404219.0,9095.82
2009-07-24,1095.28,354586697.0,9719.05
2009-07-27,1097.92,308585277.0,8964.27
2009-07-28,1095.76,350435886.0,9889.13
2009-07-29,1085.49,395364531.0,11147.72
2009-07-30,1092.23,367483876.0,11366.03
2009-07-31,1104.92,300181167.0,8957.74
2009-08-03,1122.71,272354820.0,7670.94
2009-08-04,1116.87,304931903.0,8699.76
2009-08-05,1123.33,257255779.0,7834.7
2009-08-06,1098.58,294234163.0,8723.34
2009-08-07,1075.17,267227328.0,7705.21
2009-08-10,1066.85,280070222.0,7940.27
2009-08-11,1075.42,258982745.0,7540.35
2009-08-12,1073.18,307551623.0,8381.61
2009-08-13,1104.1,279272887.0,7904.47
2009-08-14,1101.81,286521257.0,7615.8
2009-08-17,1060.2,286351020.0,7372.57
2009-08-18,1075.77,244503914.0,6978.94
2009-08-19,1059.55,279604296.0,7387.48
2009-08-20,1070.88,200995447.0,5374.32
2009-08-21,1087.5,234530318.0,6734.84
2009-08-24,1113.84,302584480.0,7832.18
2009-08-25,1123.1,359755300.0,9139.15
2009-08-26,1132.73,396300759.0,10806.26
2009-08-27,1137.9,356339848.0,10165.01
2009-08-28,1149.37,386978976.0,9369.36
2009-08-31,1135.8,451128235.0,9962.07
2009-09-01,1126.52,427878668.0,10388.29
2009-09-02,1121.78,351408421.0,8792.8
2009-09-03,1119.79,320803620.0,8446.58
2009-09-04,1137.11,301741108.0,8007.31
2009-09-07,1159.34,319018983.0,8128.52
2009-09-08,1163.55,372021924.0,10697.42
2009-09-09,1162.6,312745593.0,8967.85
2009-09-10,1162.75,377973612.0,9995.97
2009-09-11,1161.55,339767459.0,8902.72
2009-09-14,1156.46,258806863.0,6862.43
2009-09-15,1174.75,282376515.0,7719.26
2009-09-16,1186.51,289743120.0,8563.62
2009-09-17,1187.56,330234904.0,12195.77
2009-09-18,1195.78,298717390.0,8064.27
2009-09-22,1202.07,253161375.0,7009.72
2009-09-23,1188.06,264784872.0,7137.59
2009-09-24,1186.41,311803642.0,10358.41
2009-09-25,1187.28,251676088.0,7628.34
2009-09-29,1199.96,239520987.0,7630.7
2009-09-30,1210.84,225719928.0,7654.6
2009-10-01,1211.52,295380674.0,9253.86
2009-10-05,1191.34,287070870.0,8948.46
2009-10-06,1189.91,393012646.0,10739.68
2009-10-07,1186.77,318424070.0,10266.49
2009-10-08,1186.18,331273514.0,11095.2
2009-10-09,1178.08,267248318.0,8737.19
2009-10-12,1200.46,238671384.0,7205.65
2009-10-14,1217.13,313578940.0,9062.07
2009-10-15,1213.98,326247174.0,8557.01
2009-10-16,1217.76,293314626.0,8678.01
2009-10-17,1222.13,64163898.0,1719.49
2009-10-20,1214.77,291459575.0,7919.48
2009-10-21,1208.56,306747305.0,8694.45
2009-10-22,1190.17,268238975.0,8149.31
2009-10-23,1188.16,245614408.0,8272.3
2009-10-26,1180.43,236247852.0,7006.01
2009-10-27,1155.7,355698046.0,8852.74
2009-10-28,1161.09,314539472.0,7882.88
2009-10-29,1142.92,377007047.0,9635.07
2009-10-30,1132.92,341098814.0,9127.8
2009-11-03,1096.72,358796146.0,8453.87
2009-11-04,1130.6,356889982.0,7877.78
2009-11-05,1145.12,354911232.0,7799.73
2009-11-06,1154.48,310181580.0,7279.83
2009-11-09,1169.44,272888745.0,6746.23
2009-11-10,1164.35,344120556.0,9138.44
2009-11-11,1194.36,321308623.0,8715.19
2009-11-12,1188.57,330704886.0,8649.9
2009-11-13,1198.98,254021688.0,6907.06
2009-11-16,1212.69,249120607.0,6530.72
2009-11-17,1213.38,249220686.0,6781.09
2009-11-18,1211.92,241925818.0,7100.26
2009-11-19,1197.77,323128568.0,6752.27
2009-11-20,1207.95,324091613.0,7420.4
2009-11-23,1217.96,226297434.0,6446.64
2009-11-24,1218.94,241332775.0,6602.48
2009-11-25,1221.56,232632206.0,6665.96
2009-11-26,1203.44,269835409.0,7433.66
2009-11-27,1187.96,336293714.0,7800.62
2009-11-30,1208.95,313227973.0,6798.85
2009-12-01,1229.28,346444200.0,7373.01
2009-12-02,1230.82,321017788.0,7881.73
2009-12-03,1235.92,279113653.0,6924.3
2009-12-04,1233.79,278117806.0,6615.61
2009-12-07,1223.16,262497025.0,6207.62
2009-12-08,1240.91,267557821.0,6496.73
2009-12-09,1239.27,292317551.0,7064.61
2009-12-10,1243.34,258011287.0,6057.67
2009-12-11,1242.9,244673706.0,6331.61
2009-12-14,1244.31,201755175.0,5661.66
2009-12-15,1232.17,214890127.0,5636.1
2009-12-16,1236.4,211381949.0,5422.4
2009-12-17,1237.96,237741658.0,5824.12
2009-12-18,1225.56,247524969.0,6599.37
2009-12-21,1218.69,185179553.0,5356.93
2009-12-22,1224.33,176107814.0,4785.2
2009-12-23,1257.27,247742461.0,6469.92
2009-12-24,1263.22,207146774.0,5403.96
2009-12-29,1262.92,168763118.0,4713.73
2009-12-30,1261.32,161585669.0,4321.57
2009-12-31,1269.5,203311040.0,6086.49
2010-01-04,1274.34,183589839.0,6137.58
2010-01-05,1283.98,265500678.0,7224.84
2010-01-06,1285.62,251772492.0,7024.9
2010-01-07,1281.66,233368901.0,6963.53
2010-01-08,1278.77,269573168.0,7366.59
2010-01-11,1282.58,298280331.0,10599.24
2010-01-12,1280.3,257988490.0,7803.97
2010-01-13,1290.43,251406738.0,7257.51
2010-01-14,1301.32,236300351.0,6966.81
2010-01-15,1297.81,230137024.0,6630.68
2010-01-18,1298.23,211674048.0,6205.05
2010-01-19,1283.59,210375078.0,6129.64
2010-01-20,1282.79,229761211.0,7143.52
2010-01-21,1250.22,263518110.0,7649.43
2010-01-22,1237.94,317671001.0,9558.18
2010-01-25,1230.44,206156187.0,5753.48
2010-01-27,1196.28,318910855.0,8549.59
2010-01-28,1198.18,322697659.0,9728.05
2010-01-29,1198.63,310734707.0,8434.98
2010-02-01,1208.54,255812491.0,6578.85
2010-02-02,1192.81,262445375.0,6861.99
2010-02-03,1212.81,213270501.0,5487.9
2010-02-04,1194.21,202706714.0,5312.74
2010-02-05,1165.45,241677461.0,6262.36
2010-02-06,1177.23,31847911.0,654.37
2010-02-08,1180.34,205117599.0,5256.58
2010-02-09,1190.61,206771607.0,5349.19
2010-02-10,1185.58,235977654.0,5951.29
2010-02-11,1200.65,180395067.0,4640.99
2010-02-15,1193.31,169276993.0,4535.7
2010-02-16,1203.64,178565031.0,5049.26
2010-02-17,1212.98,189953450.0,5630.58
2010-02-18,1202.59,200738265.0,4757.19
2010-02-19,1191.96,224961594.0,5244.23
2010-02-22,1191.03,167537858.0,4134.79
2010-02-23,1191.25,152712061.0,4162.51
2010-02-24,1190.73,166597772.0,4335.48
2010-02-25,1191.17,216809854.0,6003.2
2010-02-26,1206.4,333885322.0,8166.85
2010-03-02,1223.46,240569995.0,6360.5
2010-03-03,1241.0,204679477.0,5943.58
2010-03-04,1242.16,235090907.0,6025.1
2010-03-05,1246.04,253793207.0,5967.3
2010-03-08,1250.62,241351045.0,5962.75
2010-03-09,1243.35,184376383.0,4842.68
2010-03-10,1244.35,189633784.0,5577.85
2010-03-11,1247.65,173554535.0,4815.01
2010-03-12,1247.27,171707803.0,5288.37
2010-03-15,1246.32,164352571.0,4948.91
2010-03-16,1263.75,155534099.0,4912.65
2010-03-17,1271.39,214554342.0,6137.28
2010-03-18,1273.78,190323219.0,5147.71
2010-03-19,1280.12,163513452.0,5126.56
2010-03-22,1268.96,161380286.0,4647.85
2010-03-23,1275.14,185154222.0,5163.96
2010-03-25,1282.24,230710194.0,7446.63
2010-03-26,1284.01,,
2010-03-29,1284.08,164420205.0,5309.03
2010-03-30,1276.82,178684737.0,5584.32
2010-03-31,1274.9,,
2010-04-01,1284.85,177117375.0,5997.13
2010-04-05,1302.2,166695035.0,4984.1
2010-04-06,1300.56,185968958.0,5155.86
2010-04-07,1305.35,215459161.0,5969.28
2010-04-08,1295.85,217927789.0,5895.25
2010-04-09,1303.14,205579090.0,5743.13
2010-04-12,1299.65,178287986.0,5048.91
2010-04-13,1301.16,154782439.0,6668.61
2010-04-15,1295.93,231600258.0,6557.86
2010-04-16,1290.56,170649876.0,4880.11
2010-04-19,1274.04,180730178.0,5057.08
2010-04-20,1279.35,222679434.0,6016.78
2010-04-21,1282.35,238159675.0,5675.01
2010-04-22,1286.17,187072819.0,5758.33
2010-04-23,1288.92,163740978.0,5228.83
2010-04-26,1289.85,133190161.0,4341.11
2010-04-27,1288.27,204117540.0,5184.53
2010-04-28,1267.06,264607901.0,6715.55
2010-04-29,1271.85,229477643.0,6265.69
2010-04-30,1280.91,228036343.0,5857.51
2010-05-03,1269.68,177413191.0,4424.41
2010-05-04,1252.5,248602170.0,5582.89
2010-05-05,1251.22,253285969.0,6581.67
2010-05-06,1243.05,229319268.0,6070.56
2010-05-07,1227.63,486461975.0,8815.74
2010-05-10,1261.64,255881378.0,5958.67
2010-05-11,1245.58,209121373.0,5034.17
2010-05-12,1248.56,228952793.0,5705.48
2010-05-13,1254.82,212724978.0,5317.05
2010-05-14,1237.06,179413713.0,5695.66
2010-05-17,1232.97,186114471.0,6143.71
2010-05-18,1237.75,167485524.0,5449.14
2010-05-19,1209.99,243516899.0,6986.23
2010-05-20,1215.11,214809710.0,6380.05
2010-05-21,1204.69,241185892.0,7035.81
2010-05-24,1213.01,257538285.0,5839.73
2010-05-25,1181.26,233121108.0,5998.84
2010-05-26,1203.62,247228081.0,6380.91
2010-05-27,1217.38,271920028.0,7904.44
2010-05-28,1234.75,206981954.0,5517.6
2010-05-31,1242.87,217521610.0,5446.25
2010-06-01,1220.96,223877421.0,5600.52
2010-06-02,1234.15,231370660.0,5695.91
2010-06-03,1253.4,201484530.0,5139.96
2010-06-04,1256.13,176906702.0,4592.56
2010-06-07,1234.17,163321589.0,4500.14
2010-06-08,1223.84,166982386.0,4532.1
2010-06-09,1231.19,187731530.0,4953.72
2010-06-10,1249.13,193287534.0,4988.59
2010-06-11,1255.51,213897863.0,5897.8
2010-06-14,1272.57,229807637.0,5413.25
2010-06-15,1278.28,359883516.0,6748.64
2010-06-16,1279.7,303797476.0,6149.08
2010-06-17,1289.62,239389386.0,5878.11
2010-06-18,1286.71,289638474.0,7025.85
2010-06-21,1303.8,242281462.0,5691.07
2010-06-22,1296.01,219456401.0,5046.84
2010-06-23,1298.6,194610606.0,5063.38
2010-06-24,1299.14,268334114.0,7278.34
2010-06-25,1295.32,247010167.0,5951.86
2010-06-28,1312.69,195894031.0,5825.1
2010-06-29,1299.46,196530249.0,5055.48
2010-06-30,1308.04,210306211.0,6263.4
2010-07-01,1297.32,177422757.0,4983.17
2010-07-02,1292.36,221831109.0,4968.94
2010-07-05,1291.41,156125141.0,2977.16
2010-07-06,1301.06,150230584.0,3902.34
2010-07-07,1292.22,167006002.0,4029.49
2010-07-08,1303.97,162829885.0,4275.11
2010-07-09,1313.52,237262757.0,5919.95
2010-07-12,1317.0,221349381.0,5548.59
2010-07-13,1318.11,270033699.0,6930.76
2010-07-14,1314.27,270952667.0,6864.76
2010-07-15,1311.98,186125400.0,5254.86
2010-07-16,1316.3,160022424.0,5105.62
2010-07-19,1313.33,124556614.0,3492.2
2010-07-20,1310.87,156505564.0,3626.37
2010-07-21,1319.22,152317050.0,4263.04
2010-07-22,1325.81,173886313.0,5089.78
2010-07-23,1325.85,182024995.0,5285.93
2010-07-26,1319.81,170499110.0,5034.72
2010-07-27,1320.58,175087606.0,5996.31
2010-07-28,1311.59,166917710.0,5892.51
2010-07-29,1308.21,201145169.0,6774.9
2010-07-30,1298.75,155453896.0,4678.2
2010-08-02,1309.84,129241906.0,3826.42
2010-08-03,1311.04,169258254.0,4623.7
2010-08-04,1319.58,185644610.0,5458.85
2010-08-05,1316.48,181134034.0,5074.81
2010-08-06,1313.86,167405659.0,4083.58
2010-08-09,1322.56,190018319.0,4617.17
2010-08-10,1314.92,221645807.0,5195.66
2010-08-11,1306.76,202633631.0,5437.74
2010-08-12,1302.14,202966436.0,5210.46
2010-08-13,1308.88,207277873.0,5533.74
2010-08-16,1302.54,228622743.0,5776.54
2010-08-17,1298.4,206431341.0,5204.95
2010-08-18,1309.52,207963512.0,5339.49
2010-08-19,1317.9,205723628.0,4800.31
2010-08-20,1320.6,185065003.0,5045.08
2010-08-23,1326.52,158755047.0,4279.77
2010-08-24,1318.08,188340766.0,5120.71
2010-08-25,1308.04,179033139.0,4825.07
2010-08-26,1308.45,217367665.0,6362.49
2010-08-27,1295.45,168222708.0,4716.94
2010-08-30,1295.0,130548257.0,3490.28
2010-08-31,1287.72,168656228.0,5247.88
2010-09-01,1306.17,156048368.0,4697.43
2010-09-02,1305.71,176229950.0,4176.96
2010-09-03,1309.03,177576477.0,4274.77
2010-09-06,1329.38,166392865.0,5002.11
2010-09-07,1338.73,192451276.0,5338.95
2010-09-08,1341.73,195204356.0,4977.37
2010-09-09,1344.47,162301673.0,4778.14
2010-09-13,1362.05,169246020.0,5062.37
2010-09-14,1365.93,191071181.0,5715.87
2010-09-15,1379.41,194486794.0,6589.21
2010-09-16,1365.36,223205874.0,5694.32
2010-09-17,1383.81,248966575.0,6609.42
2010-09-20,1398.19,194945634.0,5897.38
2010-09-21,1403.68,202057587.0,6759.05
2010-09-22,1393.11,173061244.0,6153.45
2010-09-23,1387.26,151233404.0,5113.49
2010-09-24,1399.94,197697475.0,6068.35
2010-09-27,1405.14,173812816.0,5315.59
2010-09-28,1404.51,173851905.0,5215.33
2010-09-29,1398.08,196399674.0,5787.92
2010-09-30,1396.81,235510462.0,7556.89
2010-10-01,1424.13,234595758.0,6869.05
2010-10-04,1425.38,220681493.0,6373.03
2010-10-05,1426.28,198654868.0,5845.66
2010-10-06,1440.24,224783255.0,6284.96
2010-10-07,1429.85,254222247.0,7102.41
2010-10-08,1428.37,165619190.0,5315.27
2010-10-11,1435.45,142435331.0,4553.57
2010-10-12,1424.81,141683431.0,4154.05
2010-10-13,1450.27,177026050.0,6284.37
2010-10-14,1438.5,201261048.0,5563.9
2010-10-15,1413.19,151052622.0,5141.38
2010-10-18,1416.42,196170604.0,6032.13
2010-10-19,1408.34,187294257.0,5683.17
2010-10-20,1402.7,156373476.0,4189.02
2010-10-21,1426.91,174191660.0,5403.63
2010-10-22,1423.11,166361270.0,4797.95
2010-10-25,1431.2,159531388.0,4846.95
2010-10-26,1427.16,144906142.0,4943.02
2010-10-27,1413.0,148778153.0,4817.43
2010-10-28,1407.99,278185529.0,9029.28
2010-10-29,1408.93,164140243.0,5206.68
2010-11-01,1423.8,149018667.0,4700.0
2010-11-02,1425.82,149725709.0,4874.49
2010-11-03,1430.82,144451645.0,4419.92
2010-11-04,1450.95,153406663.0,4726.94
2010-11-05,1457.42,27443913.0,803.76
2010-11-08,1452.79,146377960.0,4590.68
2010-11-09,1462.76,161848115.0,4674.02
2010-11-10,1457.69,147383367.0,4853.34
2010-11-11,1438.45,160695241.0,4974.35
2010-11-12,1413.92,179576364.0,5393.54
2010-11-15,1416.48,143483160.0,4031.92
2010-11-16,1389.01,179149665.0,5272.12
2010-11-18,1397.42,233735828.0,6192.89
2010-11-19,1374.56,201754546.0,5958.33
2010-11-22,1392.51,153024041.0,4475.96
2010-11-23,1379.42,186224280.0,5629.53
2010-11-24,1367.46,159099156.0,4505.02
2010-11-25,1349.49,255494106.0,7700.21
2010-11-26,1333.79,327390313.0,7486.59
2010-11-29,1354.08,195550511.0,5062.86
2010-11-30,1364.02,254579766.0,7392.32
2010-12-01,1380.37,202431534.0,5173.16
2010-12-02,1390.2,190707232.0,5783.33
2010-12-03,1386.81,154447244.0,4773.02
2010-12-06,1392.61,131534966.0,4066.38
2010-12-07,1398.06,163146357.0,4518.53
2010-12-08,1384.63,153357870.0,4263.29
2010-12-09,1352.08,190800020.0,5417.36
2010-12-10,1368.59,184544827.0,5716.08
2010-12-13,1382.44,145863230.0,4291.44
2010-12-14,1393.88,140948807.0,4231.2
2010-12-15,1387.22,147870477.0,4661.79
2010-12-16,1395.74,143527840.0,5102.84
2010-12-20,1399.52,117575186.0,5300.09
2010-12-21,1407.5,139809297.0,5064.46
2010-12-22,1404.48,111929556.0,4035.78
2010-12-23,1403.56,87609874.0,3246.8
2010-12-24,1410.33,98489575.0,3273.55
2010-12-27,1408.08,80794274.0,2533.88
2010-12-28,1408.07,87426993.0,2533.66
2010-12-29,1419.28,89877929.0,3092.26
2010-12-30,1429.6,152145413.0,5160.9
2010-12-31,1436.15,105731016.0,3646.9
2011-01-03,1440.76,108143911.0,3513.53
2011-01-04,1446.99,145038428.0,5261.43
2011-01-05,1438.33,143311988.0,4833.44
2011-01-06,1430.34,145575540.0,5228.37
2011-01-07,1397.16,142572770.0,4973.95
2011-01-10,1366.74,134998578.0,5003.5
2011-01-11,1359.44,154925735.0,5427.28
2011-01-12,1378.31,153220932.0,5367.68
2011-01-13,1362.55,143501853.0,5469.09
2011-01-14,1346.39,134418265.0,4581.92
2011-01-17,1341.08,122391870.0,4648.98
2011-01-18,1353.64,149663284.0,4939.16
2011-01-19,1346.4,155956031.0,5458.86
2011-01-20,1347.02,131873681.0,5282.81
2011-01-21,1342.35,107914530.0,4094.84
2011-01-24,1344.5,97985818.0,3676.49
2011-01-25,1337.4,124360017.0,4397.93
2011-01-27,1315.35,206726542.0,6376.52
2011-01-28,1291.0,193194533.0,6046.61
2011-01-31,1294.22,186935192.0,6031.59
2011-02-01,1273.95,230811391.0,5799.3
2011-02-02,1280.47,209417894.0,5405.82
2011-02-03,1300.29,166931825.0,4778.14
2011-02-04,1274.53,171958340.0,5094.51
2011-02-07,1272.59,125421646.0,4054.86
2011-02-08,1255.18,179127826.0,4464.57
2011-02-09,1233.01,278732906.0,6333.11
2011-02-10,1225.62,279752631.0,5867.01
2011-02-11,1237.86,245343407.0,5176.25
2011-02-14,1269.48,178939880.0,4879.33
2011-02-15,1271.59,214730987.0,4437.22
2011-02-16,1274.37,210246710.0,3591.95
2011-02-17,1283.61,171957747.0,3656.58
2011-02-18,1266.43,198310541.0,4821.37
2011-02-21,1282.6,154540926.0,4308.91
2011-02-22,1277.28,171596552.0,6171.5
2011-02-23,1273.35,166459648.0,5251.61
2011-02-24,1241.45,222114421.0,7286.34
2011-02-25,1240.77,189082950.0,5416.99
2011-02-28,1241.55,212870944.0,5781.9
2011-03-01,1277.38,180027126.0,4777.08
2011-03-03,1276.81,195971232.0,5349.38
2011-03-04,1275.54,169727202.0,4325.12
2011-03-07,1262.6,131873230.0,3508.14
2011-03-08,1274.44,129535014.0,4035.11
2011-03-09,1277.18,157561138.0,4964.67
2011-03-10,1273.05,127818755.0,3496.11
2011-03-11,1263.55,170770928.0,4828.03
2011-03-14,1279.01,117992898.0,3848.49
2011-03-15,1262.34,152102626.0,5764.7
2011-03-16,1274.21,149637367.0,4554.58
2011-03-17,1263.24,123146274.0,4129.75
2011-03-18,1248.86,126164660.0,4574.7
2011-03-21,1243.34,106160001.0,3374.07
2011-03-22,1254.06,110070564.0,3153.38
2011-03-23,1266.88,125255129.0,3620.57
2011-03-24,1274.47,187367900.0,4233.35
2011-03-25,1298.47,170361961.0,4797.42
2011-03-28,1302.62,157533064.0,4836.79
2011-03-29,1313.21,191299392.0,5412.58
2011-03-30,1324.8,174720793.0,5151.26
2011-03-31,1340.15,230914926.0,8016.87
2011-04-01,1341.18,150046155.0,4190.46
2011-04-04,1358.84,154679077.0,4335.71
2011-04-05,1363.76,170645515.0,4363.49
2011-04-06,1362.05,235531143.0,5524.85
2011-04-07,1359.76,245493681.0,4863.86
2011-04-08,1349.02,175861733.0,4521.77
2011-04-11,1338.35,138522514.0,3728.22
2011-04-13,1361.39,183154632.0,5474.67
2011-04-15,1339.99,148419183.0,7344.12
2011-04-18,1320.32,155459719.0,6253.93
2011-04-19,1321.48,153440089.0,4546.68
2011-04-20,1340.8,200336642.0,5297.22
2011-04-21,1345.1,166496673.0,6116.58
2011-04-25,1345.16,119377424.0,4229.49
2011-04-26,1344.32,179834971.0,5395.33
2011-04-27,1338.08,166606480.0,5057.79
2011-04-28,1327.62,245059656.0,6939.32
2011-04-29,1322.23,237027162.0,6293.34
2011-05-02,1314.42,124778442.0,3689.53
2011-05-03,1290.41,151119608.0,4417.55
2011-05-04,1283.67,131672799.0,4067.13
2011-05-05,1270.57,137905283.0,4408.96
2011-05-06,1282.15,125493191.0,3997.37
2011-05-09,1286.36,113804716.0,2966.96
2011-05-10,1286.11,114868327.0,3000.3
2011-05-11,1291.44,101397704.0,3559.91
2011-05-12,1277.34,111094164.0,3397.54
2011-05-13,1289.48,122547285.0,3922.8
2011-05-16,1284.07,102808493.0,3437.36
2011-05-17,1273.78,112870956.0,3705.05
2011-05-18,1268.6,106136821.0,3953.81
2011-05-19,1271.85,92424862.0,3878.78
2011-05-20,1283.4,128837011.0,4160.47
2011-05-23,1263.69,116583096.0,3741.72
2011-05-24,1267.33,138222155.0,3708.89
2011-05-25,1257.95,126313418.0,3923.1
2011-05-26,1272.47,174922193.0,5578.31
2011-05-27,1282.18,124673967.0,3513.82
2011-05-30,1284.31,148595083.0,3821.55
2011-05-31,1300.79,227399618.0,6923.03
2011-06-01,1310.44,124403108.0,3666.29
2011-06-02,1305.08,125349443.0,3688.41
2011-06-03,1299.16,110131081.0,3584.19
2011-06-06,1301.38,92965510.0,2447.53
2011-06-07,1309.42,109401952.0,3238.62
2011-06-08,1304.19,121795586.0,3351.6
2011-06-09,1304.63,104034764.0,3004.32
2011-06-10,1298.38,106904453.0,3295.29
2011-06-13,1298.13,101682445.0,3257.21
2011-06-14,1302.46,119099501.0,3969.13
2011-06-15,1291.8,135750589.0,3847.83
2011-06-16,1277.76,129868571.0,3922.01
2011-06-17,1266.92,105255844.0,3698.77
2011-06-20,1240.11,154432337.0,4849.11
2011-06-21,1245.29,119715884.0,3646.55
2011-06-22,1240.67,134519541.0,3631.4
2011-06-23,1247.4,156785438.0,3219.69
2011-06-24,1276.1,199235307.0,4986.03
2011-06-27,1286.75,212188537.0,4448.28
2011-06-28,1290.98,157986031.0,4176.8
2011-06-29,1300.01,177072588.0,4373.44
2011-06-30,1307.25,224267634.0,6490.43
2011-07-01,1305.02,182108967.0,4563.33
2011-07-04,1311.58,162554445.0,4026.66
2011-07-05,1305.41,145104824.0,4245.89
2011-07-06,1306.1,138442878.0,4012.37
2011-07-07,1328.34,153834297.0,4730.72
2011-07-08,1312.92,197836920.0,5004.64
2011-07-11,1303.45,124529856.0,3261.92
2011-07-12,1284.05,158035087.0,4537.82
2011-07-13,1296.48,150607944.0,4022.33
2011-07-14,1297.53,163728875.0,4454.28
2011-07-15,1295.87,112420349.0,3123.94
2011-07-18,1292.93,86256215.0,2560.79
2011-07-19,1301.74,134955401.0,3483.3
2011-07-20,1291.1,176553398.0,4276.44
2011-07-21,1286.07,132101092.0,3646.0
2011-07-22,1303.69,119491036.0,3608.92
2011-07-25,1313.02,123608130.0,3902.97
2011-07-26,1300.34,129983068.0,4314.98
2011-07-27,1298.87,122926155.0,4150.75
2011-07-28,1285.6,149347088.0,5071.09
2011-07-29,1275.35,161031560.0,4701.83
2011-08-01,1280.1,116979956.0,3278.23
2011-08-02,1274.87,120268789.0,3315.25
2011-08-03,1265.08,126939423.0,3636.43
2011-08-04,1252.44,109601409.0,3205.4
2011-08-05,1222.93,175449417.0,4962.67
2011-08-08,1202.48,175737090.0,4942.67
2011-08-09,1184.95,193123768.0,5465.47
2011-08-10,1201.26,146039007.0,4138.73
2011-08-11,1195.68,114563898.0,3102.31
2011-08-12,1185.06,109283352.0,3379.21
2011-08-16,1182.24,122770159.0,3134.04
2011-08-17,1186.79,128577981.0,3274.61
2011-08-18,1164.8,129828172.0,3400.61
2011-08-19,1144.22,138551212.0,4134.87
2011-08-22,1158.52,120673959.0,3388.1
2011-08-23,1172.47,123768561.0,3857.63
2011-08-24,1163.49,106367045.0,3132.36
2011-08-25,1155.16,154600593.0,4981.02
2011-08-26,1136.03,111155343.0,3678.58
2011-08-29,1167.82,133366539.0,3484.25
2011-08-30,1184.94,148103358.0,4449.67
2011-09-02,1193.51,174364365.0,4899.21
2011-09-05,1186.23,150112394.0,4056.66
2011-09-06,1196.62,178262140.0,4790.7
2011-09-07,1210.59,175216735.0,4888.72
2011-09-08,1217.61,144915344.0,4291.05
2011-09-09,1199.0,134166724.0,4394.34
2011-09-12,1177.09,107825022.0,3229.93
2011-09-13,1179.45,115709180.0,3444.71
2011-09-14,1197.04,124363917.0,4200.95
2011-09-15,1210.95,128229188.0,3678.76
2011-09-16,1208.68,172461485.0,4850.98
2011-09-19,1201.1,99909326.0,2691.16
2011-09-20,1221.84,125639427.0,3940.73
2011-09-21,1221.35,134866619.0,3719.94
2011-09-22,1177.86,128301792.0,3680.57
2011-09-23,1169.44,136980260.0,4264.82
2011-09-26,1157.35,117529857.0,3447.86
2011-09-27,1186.56,105126185.0,3401.17
2011-09-28,1184.61,121197765.0,3989.34
2011-09-29,1194.64,147886134.0,5068.48
2011-09-30,1184.71,134469080.0,4245.86
2011-10-03,1166.84,114393919.0,3407.8
2011-10-04,1152.33,133142780.0,3861.5
2011-10-05,1148.52,117097732.0,3369.09
2011-10-07,1170.13,134212690.0,4426.86
2011-10-10,1189.45,127553471.0,4243.67
2011-10-11,1185.66,138920089.0,4387.34
2011-10-12,1212.99,134682331.0,4766.04
2011-10-13,1208.35,131083032.0,4204.9
2011-10-14,1222.38,114486744.0,4089.75
2011-10-17,1214.96,110514767.0,3598.86
2011-10-18,1194.32,110304691.0,4027.23
2011-10-19,1214.2,110844576.0,3701.54
2011-10-20,1208.62,111277081.0,3035.02
2011-10-21,1201.68,90385419.0,2837.83
2011-10-24,1214.65,69759903.0,2356.37
2011-10-25,1235.03,113779381.0,4323.79
2011-10-26,1238.05,15683745.0,542.68
2011-10-28,1263.96,127522774.0,5179.26
2011-10-31,1256.78,87172975.0,3337.41
2011-11-01,1247.39,85316075.0,3050.6
2011-11-02,1250.34,73105494.0,2532.0
2011-11-03,1252.14,79075787.0,2999.42
2011-11-04,1257.59,91887638.0,3164.07
2011-11-08,1259.55,66077875.0,2289.58
2011-11-09,1247.59,73985473.0,2748.69
2011-11-11,1244.15,92097068.0,3443.6
2011-11-14,1241.62,70459660.0,2585.45
2011-11-15,1223.65,74215767.0,2400.86
2011-11-16,1210.95,98148268.0,2962.84
2011-11-17,1188.63,99659327.0,3267.37
2011-11-18,1183.28,103220153.0,3453.19
2011-11-21,1158.2,82356991.0,2839.43
2011-11-22,1165.88,98007714.0,3366.13
2011-11-23,1144.5,88919654.0,3050.46
2011-11-24,1156.49,110688312.0,3623.0
2011-11-25,1143.67,88899293.0,2875.95
2011-11-28,1167.99,86558361.0,2629.22
2011-11-29,1160.54,87994023.0,2906.85
2011-11-30,1167.25,139893137.0,4285.48
2011-12-01,1181.71,103894092.0,3377.63
2011-12-02,1201.52,92253477.0,3281.77
2011-12-05,1200.24,71107161.0,2318.55
2011-12-07,1203.67,96882439.0,3193.36
2011-12-08,1184.21,99875072.0,3159.48
2011-12-09,1169.0,93137963.0,2912.47
2011-12-12,1153.21,87089287.0,2904.0
2011-12-13,1159.56,86511749.0,2913.05
2011-12-14,1153.05,88321659.0,3059.19
2011-12-15,1151.12,116214694.0,3749.58
2011-12-16,1134.85,113947487.0,3676.26
2011-12-19,1127.77,93041787.0,2970.98
2011-12-20,1112.63,91003537.0,2928.85
2011-12-21,1139.36,93784956.0,3077.66
2011-12-22,1144.48,98123716.0,2930.94
2011-12-23,1141.6,79055627.0,2216.14
2011-12-26,1156.97,51086583.0,1665.16
2011-12-27,1151.36,57351035.0,1814.2
2011-12-28,1144.07,62835174.0,2072.48
2011-12-29,1132.22,82276121.0,2779.5
2011-12-30,1130.46,,
2012-01-02,1133.16,56748866.0,2085.57
2012-01-03,1157.43,,
2012-01-04,1152.57,94838065.0,2929.01
2012-01-05,1147.08,92247139.0,3073.47
2012-01-06,1145.96,83404110.0,2790.02
2012-01-07,1147.34,12363604.0,255.41
2012-01-09,1147.29,79583932.0,2411.74
2012-01-10,1165.33,102292587.0,3246.56
2012-01-11,1167.42,114323777.0,3563.59
2012-01-12,1149.53,115807321.0,4737.29
2012-01-13,1152.08,112157851.0,3756.12
2012-01-16,1152.29,87001087.0,2785.78
2012-01-17,1174.45,120388220.0,3987.38
2012-01-18,1170.67,115953483.0,4262.76
2012-01-19,1179.98,119284677.0,3709.7
2012-01-20,1185.98,120390198.0,4112.15
2012-01-23,1182.78,87167412.0,3109.19
2012-01-24,1190.04,98600168.0,3257.06
2012-01-25,1199.65,136480541.0,4421.68
2012-01-27,1215.11,123256872.0,4358.53
2012-01-30,1197.1,117581110.0,3639.62
2012-01-31,1214.33,144788280.0,4431.9
2012-02-01,1223.57,145473062.0,3973.13
2012-02-02,1233.97,171829562.0,5148.53
2012-02-03,1247.38,116955167.0,4090.27
2012-02-06,1254.53,134648518.0,4274.83
2012-02-07,1248.34,112504795.0,3768.89
2012-02-08,1262.3,122059134.0,3872.85
2012-02-09,1271.28,126149576.0,3972.75
2012-02-10,1266.85,118314395.0,3548.37
2012-02-13,1270.41,101642767.0,3029.18
2012-02-14,1270.16,90646357.0,2854.83
2012-02-15,1283.79,187025182.0,4726.97
2012-02-16,1284.35,159024830.0,4547.32
2012-02-17,1292.36,201308564.0,6256.65
2012-02-21,1301.34,165178914.0,4751.93
2012-02-22,1284.79,162600936.0,4745.25
2012-02-23,1282.24,172027074.0,4929.68
2012-02-24,1277.43,131734405.0,3978.23
2012-02-27,1248.02,143735755.0,4239.76
2012-02-28,1262.3,114211875.0,3738.99
2012-02-29,1273.24,135174659.0,4408.11
2012-03-01,1266.98,104538121.0,3547.05
2012-03-02,1267.38,104780032.0,3264.07
2012-03-03,1266.52,12208791.0,221.0
2012-03-05,1250.38,67576955.0,2281.87
2012-03-06,1242.74,99257786.0,3606.47
2012-03-07,1238.75,96498458.0,3014.86
2012-03-09,1254.56,102760248.0,3349.35
2012-03-12,1258.22,95349071.0,2955.65
2012-03-13,1276.85,111149261.0,3386.91
2012-03-14,1277.9,103248178.0,3820.43
2012-03-15,1267.49,81582100.0,2948.17
2012-03-16,1248.73,118926755.0,4077.03
2012-03-19,1237.31,86211578.0,2878.65
2012-03-20,1242.7,91399000.0,3066.69
2012-03-21,1257.75,97561190.0,3380.02
2012-03-22,1234.31,115413946.0,3819.45
2012-03-23,1244.19,91421626.0,3293.81
2012-03-26,1225.27,84393801.0,2911.9
2012-03-27,1234.03,100882243.0,3472.6
2012-03-28,1224.29,81861114.0,2795.31
2012-03-29,1224.41,129808656.0,4445.57
2012-03-30,1252.73,104058702.0,3479.27
2012-04-02,1253.56,74257646.0,2395.1
2012-04-03,1260.23,91324130.0,2906.15
2012-04-04,1255.55,74646715.0,2475.13
2012-04-09,1241.62,61050397.0,2115.95
2012-04-10,1234.71,133127874.0,3758.4
2012-04-11,1228.44,98520421.0,3099.65
2012-04-12,1234.15,91188401.0,3066.99
2012-04-13,1212.5,103961409.0,5615.68
2012-04-16,1209.77,62359913.0,2980.56
2012-04-17,1220.48,83913275.0,3222.25
2012-04-18,1227.17,84278152.0,3178.69
2012-04-19,1231.42,94859205.0,3443.17
2012-04-20,1222.37,80336932.0,2879.43
2012-04-23,1205.85,71904332.0,2793.87
2012-04-24,1215.18,89985397.0,4915.65
2012-04-25,1209.72,79940718.0,3370.23
2012-04-26,1208.28,103430245.0,4134.62
2012-04-27,1209.14,66770935.0,2617.53
2012-04-28,1212.09,8428049.0,181.65
2012-04-30,1224.91,73567617.0,2790.62
2012-05-02,1224.34,89386947.0,2997.82
2012-05-03,1218.15,88796914.0,3378.9
2012-05-04,1202.24,97423835.0,3453.22
2012-05-07,1204.3,93162537.0,3211.77
2012-05-08,1186.71,87125030.0,3383.08
2012-05-09,1180.12,85117866.0,3367.37
2012-05-10,1179.17,88832657.0,2844.99
2012-05-11,1168.67,79525333.0,2695.23
2012-05-14,1166.72,70619911.0,2488.24
2012-05-15,1174.87,79421012.0,2604.39
2012-05-16,1162.27,97562530.0,3090.96
2012-05-17,1164.1,84506219.0,2960.85
2012-05-18,1163.97,86202712.0,2678.06
2012-05-21,1163.71,73396781.0,2027.85
2012-05-22,1157.45,73668112.0,2503.01
2012-05-23,1154.63,76961173.0,2503.8
2012-05-24,1164.74,76052847.0,2507.89
2012-05-25,1164.74,81964375.0,2253.74
2012-05-28,1173.56,72349352.0,1993.93
2012-05-29,1177.67,78314020.0,2456.48
2012-05-30,1176.27,73479765.0,2615.36
2012-05-31,1178.04,136818292.0,5965.5
2012-06-01,1157.76,96270298.0,2928.72
2012-06-04,1153.3,89848791.0,2619.8
2012-06-05,1157.91,70041798.0,2328.96
2012-06-06,1179.7,98468281.0,3622.24
2012-06-07,1186.21,85095275.0,3064.94
2012-06-08,1186.08,78229706.0,2475.97
2012-06-11,1181.18,92512396.0,2605.02
2012-06-12,1188.65,73782385.0,2419.96
2012-06-13,1191.18,80378998.0,2531.11
2012-06-14,1185.85,66504068.0,2096.32
2012-06-15,1198.18,75711465.0,2636.95
2012-06-18,1188.64,63629591.0,2132.7
2012-06-19,1195.9,63109283.0,2204.34
2012-06-20,1202.57,81108697.0,3010.9
2012-06-21,1203.26,83207333.0,2956.67
2012-06-22,1200.86,73730986.0,2610.33
2012-06-25,1196.4,64656595.0,2125.1
2012-06-26,1200.72,62503306.0,2198.31
2012-06-27,1205.65,65018560.0,2218.23
2012-06-28,1207.4,79612080.0,2596.59
2012-06-29,1231.12,159275482.0,5475.26
2012-07-02,1232.5,74717060.0,2505.83
2012-07-03,1233.25,88363577.0,2909.9
2012-07-04,1233.13,92786654.0,2865.72
2012-07-05,1234.32,73545913.0,2568.31
2012-07-06,1227.87,72118641.0,2364.33
2012-07-09,1218.65,58450985.0,1984.54
2012-07-10,1228.93,65826479.0,2348.51
2012-07-11,1221.47,76761659.0,2851.13
2012-07-12,1204.95,74364172.0,4032.03
2012-07-13,1202.5,60476957.0,2927.34
2012-07-16,1196.29,60766848.0,2377.71
2012-07-17,1193.09,66825950.0,2683.22
2012-07-18,1198.43,68669780.0,2578.78
2012-07-19,1206.24,69417126.0,3531.88
2012-07-20,1204.03,64270880.0,3025.9
2012-07-23,1190.16,58257796.0,2392.67
2012-07-24,1196.38,80842748.0,3140.45
2012-07-25,1192.99,91457130.0,3184.38
2012-07-26,1181.38,108096741.0,3855.74
2012-07-27,1189.96,73467038.0,2628.97
2012-07-30,1205.18,64819977.0,2482.44
2012-07-31,1215.84,79697769.0,2871.74
2012-08-01,1217.59,76425052.0,2655.84
2012-08-02,1216.01,60608383.0,2058.92
2012-08-03,1219.36,64847066.0,2474.72
2012-08-06,1232.65,68843055.0,2624.54
2012-08-07,1240.13,75560777.0,2911.78
2012-08-08,1243.48,101412154.0,2851.15
2012-08-09,1242.79,72548241.0,2594.54
2012-08-10,1245.67,62805905.0,2457.0
2012-08-13,1251.4,61308502.0,2059.4
2012-08-14,1257.38,79603245.0,2680.83
2012-08-16,1257.65,73851155.0,2751.52
2012-08-17,1260.71,78760169.0,2855.09
2012-08-21,1270.83,60061115.0,2487.66
2012-08-22,1270.87,59056853.0,2099.08
2012-08-23,1275.13,94130491.0,3155.19
2012-08-24,1271.32,75688998.0,2550.87
2012-08-27,1268.26,61531900.0,2082.07
2012-08-28,1266.96,67498954.0,2496.45
2012-08-29,1256.89,66088529.0,2338.33
2012-08-30,1260.52,105798793.0,4642.84
2012-08-31,1248.38,80313738.0,2981.14
2012-09-03,1248.83,65832773.0,2266.29
2012-09-04,1254.64,65526084.0,2104.55
2012-09-05,1247.96,76133369.0,2519.36
2012-09-06,1256.66,72605129.0,2434.5
2012-09-07,1276.7,71003255.0,2706.46
2012-09-08,1281.54,6963357.0,236.09
2012-09-10,1283.32,68404653.0,2553.33
2012-09-11,1286.97,72029473.0,2488.52
2012-09-12,1294.29,86612477.0,2959.93
2012-09-13,1296.14,74466613.0,2716.23
2012-09-14,1315.15,107850945.0,4315.76
2012-09-17,1309.48,119654569.0,5042.33
2012-09-18,1306.74,91679482.0,3759.48
2012-09-20,1300.28,82587309.0,3609.7
2012-09-21,1315.55,134020467.0,5253.37
2012-09-24,1311.4,132485340.0,4412.83
2012-09-25,1312.26,291304857.0,9097.24
2012-09-26,1315.14,111398369.0,3600.99
2012-09-27,1309.59,179557573.0,5895.14
2012-09-28,1322.78,128434873.0,4215.72
2012-10-01,1331.2,93096472.0,3130.05
2012-10-03,1336.92,117499582.0,4240.87
2012-10-04,1339.39,147546908.0,4286.78
2012-10-05,1332.64,141819500.0,4467.15
2012-10-08,1317.17,92870884.0,3207.1
2012-10-09,1323.42,79435529.0,2693.69
2012-10-10,1314.43,78292098.0,2425.68
2012-10-11,1321.86,167732831.0,3664.79
2012-10-12,1314.69,141510123.0,4308.89
2012-10-15,1314.96,93396959.0,2273.33
2012-10-16,1309.35,93551010.0,2693.32
2012-10-17,1308.84,98773070.0,2981.88
2012-10-18,1314.49,107199563.0,3209.38
2012-10-19,1305.99,99976371.0,3077.31
2012-10-22,1312.15,55430057.0,2352.65
2012-10-23,1305.15,49162121.0,1852.66
2012-10-25,1304.22,87826064.0,3799.27
2012-10-26,1295.52,49261083.0,2012.9
2012-10-29,1295.71,51204543.0,2006.88
2012-10-30,1291.11,51698831.0,2214.83
2012-10-31,1295.54,59626368.0,2749.31
2012-11-01,1300.01,78398679.0,3292.65
2012-11-02,1307.64,66850663.0,2847.95
2012-11-05,1306.28,65374700.0,2385.21
2012-11-06,1309.98,72495910.0,2993.26
2012-11-07,1314.98,66833224.0,2554.03
2012-11-08,1310.43,65357005.0,2504.83
2012-11-09,1299.37,53839871.0,2043.93
2012-11-12,1297.84,48758197.0,1874.09
2012-11-13,1297.06,8994618.0,334.01
2012-11-15,1285.58,69734647.0,3040.99
2012-11-16,1278.51,64203873.0,2738.78
2012-11-19,1274.17,58311958.0,2621.89
2012-11-20,1269.12,54073449.0,2141.29
2012-11-21,1275.79,57341650.0,2326.99
2012-11-22,1278.04,50753303.0,2219.35
2012-11-23,1281.42,54123454.0,1952.68
2012-11-26,1288.77,45909486.0,1808.87
2012-11-27,1302.93,67042820.0,2657.57
2012-11-29,1313.99,116128476.0,5424.87
2012-11-30,1321.2,120275868.0,5577.69
2012-12-03,1326.9,66490257.0,2714.95
2012-12-04,1329.18,65172134.0,2497.19
2012-12-05,1326.96,72703532.0,2952.58
2012-12-06,1327.53,61948948.0,2688.54
2012-12-07,1321.81,75471498.0,3154.13
2012-12-10,1320.14,61198187.0,2410.57
2012-12-11,1316.56,89080127.0,3780.4
2012-12-12,1316.73,105673093.0,4306.73
2012-12-13,1311.05,110787776.0,3912.89
2012-12-14,1313.88,75058056.0,2931.02
2012-12-17,1311.49,81442041.0,3265.1
2012-12-18,1316.52,82247815.0,3149.24
2012-12-19,1331.42,88527999.0,3686.75
2012-12-20,1332.22,75510744.0,2975.22
2012-12-21,1317.97,83968786.0,2985.0
2012-12-24,1320.63,55707136.0,1817.95
2012-12-26,1325.89,53960144.0,1887.52
2012-12-27,1317.08,99718040.0,3549.27
2012-12-28,1331.57,59952435.0,2344.67
2012-12-31,1334.09,44738900.0,1850.57
2013-01-01,1339.29,,
2013-01-02,1346.9,,
2013-01-03,1355.09,,
2013-01-04,1361.34,,
2013-01-07,1361.83,83516772.0,3125.53
2013-01-08,1360.06,73574882.0,3094.19
2013-01-09,1353.9,78920026.0,3277.37
2013-01-10,1349.02,80425617.0,3530.82
2013-01-11,1363.24,86883025.0,6207.61
2013-01-14,1378.7,73600857.0,4795.36
2013-01-15,1379.8,71176140.0,3799.2
2013-01-16,1375.67,76025508.0,3747.89
2013-01-17,1386.78,94208321.0,4495.28
2013-01-18,1386.92,121797751.0,4890.07
2013-01-21,1391.67,90993176.0,3935.29
2013-01-22,1384.35,97577249.0,3800.26
2013-01-23,1377.52,92450106.0,3761.26
2013-01-24,1371.08,85143946.0,3544.89
2013-01-25,1381.22,73462186.0,3406.29
2013-01-28,1376.31,61278460.0,2820.47
2013-01-29,1367.92,70058400.0,2753.6
2013-01-30,1374.35,104817263.0,3397.11
2013-01-31,1374.11,113797342.0,4486.55
2013-02-01,1372.91,77860663.0,3085.69
2013-02-04,1366.74,64333750.0,2672.03
2013-02-05,1362.7,68357847.0,2617.8
2013-02-06,1363.06,91722470.0,3355.51
2013-02-07,1358.43,69263109.0,2816.25
2013-02-08,1349.72,73199824.0,3175.17
2013-02-11,1348.88,55284569.0,2562.48
2013-02-12,1354.9,55520829.0,2180.13
2013-02-13,1358.34,65098668.0,2743.75
2013-02-14,1350.9,75288891.0,3138.31
2013-02-15,1344.93,60174625.0,2486.03
2013-02-18,1344.49,51511820.0,1810.39
2013-02-19,1360.11,49425244.0,1914.25
2013-02-20,1367.88,75225897.0,2913.63
2013-02-21,1353.92,72332845.0,3058.49
2013-02-22,1355.44,62087854.0,2551.42
2013-02-25,1356.59,64709606.0,2514.0
2013-02-26,1339.77,65360471.0,2697.6
2013-02-27,1340.95,79269121.0,2855.15
2013-02-28,1328.61,146077958.0,5407.25
