Date,Close
2005-01-03,1000.0
2005-01-04,997.53
2005-01-05,965.24
2005-01-06,950.04
2005-01-07,963.5
2005-01-10,961.73
2005-01-11,941.68
2005-01-12,915.25
2005-01-13,937.34
2005-01-14,930.03
2005-01-17,924.86
2005-01-18,932.93
2005-01-19,928.31
2005-01-20,919.61
2005-01-24,913.39
2005-01-25,918.34
2005-01-27,932.09
2005-01-28,949.52
2005-01-31,968.65
2005-02-01,973.53
2005-02-02,973.64
2005-02-03,990.78
2005-02-04,992.37
2005-02-07,986.78
2005-02-08,988.52
2005-02-09,1000.94
2005-02-10,998.05
2005-02-11,1003.63
2005-02-14,1008.62
2005-02-15,1001.87
2005-02-16,994.23
2005-02-17,993.25
2005-02-18,991.02
2005-02-21,983.38
2005-02-22,985.65
2005-02-23,985.11
2005-02-24,983.47
2005-02-25,978.34
2005-02-28,991.33
2005-03-01,987.8
2005-03-02,995.46
2005-03-03,1005.44
2005-03-04,1008.43
2005-03-07,1009.1
2005-03-08,1022.62
2005-03-09,1012.5
2005-03-10,1012.77
2005-03-11,1006.76
2005-03-14,999.78
2005-03-15,991.13
2005-03-16,990.59
2005-03-17,978.71
2005-03-18,974.06
2005-03-21,968.72
2005-03-22,950.45
2005-03-23,940.01
2005-03-24,931.04
2005-03-28,942.44
2005-03-29,924.5
2005-03-30,932.72
2005-03-31,952.34
2005-04-01,972.41
2005-04-04,977.24
2005-04-05,975.32
2005-04-06,983.8
2005-04-07,983.86
2005-04-08,974.58
2005-04-11,966.57
2005-04-12,974.09
2005-04-13,975.66
2005-04-15,951.19
2005-04-18,939.7
2005-04-19,934.57
2005-04-20,939.56
2005-04-21,948.8
2005-04-22,955.83
2005-04-25,959.47
2005-04-26,960.2
2005-04-27,950.37
2005-04-28,952.52
2005-04-29,935.85
2005-05-02,936.98
2005-05-03,939.55
2005-05-04,952.39
2005-05-05,960.83
2005-05-06,965.06
2005-05-09,975.66
2005-05-10,975.45
2005-05-11,979.28
2005-05-12,985.58
2005-05-13,986.95
2005-05-16,995.42
2005-05-17,986.82
2005-05-18,986.62
2005-05-19,992.73
2005-05-20,994.34
2005-05-23,1001.54
2005-05-24,1004.16
2005-05-25,1009.15
2005-05-26,1012.76
2005-05-27,1014.6
2005-05-30,1010.37
2005-05-31,1018.01
2005-06-01,1023.92
2005-06-02,1017.25
2005-06-03,1024.43
2005-06-04,1030.8
2005-06-06,1030.43
2005-06-07,1041.82
2005-06-08,1047.05
2005-06-09,1047.42
2005-06-10,1042.72
2005-06-13,1045.38
2005-06-14,1050.9
2005-06-15,1056.78
2005-06-16,1046.47
2005-06-17,1042.98
2005-06-20,1045.27
2005-06-21,1050.58
2005-06-22,1053.17
2005-06-23,1054.11
2005-06-24,1063.12
2005-06-27,1060.07
2005-06-28,1044.73
2005-06-29,1055.48
2005-06-30,1059.17
2005-07-01,1069.77
2005-07-04,1090.77
2005-07-05,1083.62
2005-07-06,1097.68
2005-07-07,1079.58
2005-07-08,1094.32
2005-07-11,1113.92
2005-07-12,1114.44
2005-07-13,1109.39
2005-07-14,1107.37
2005-07-15,1122.43
2005-07-18,1138.49
2005-07-19,1137.6
2005-07-20,1135.69
2005-07-21,1128.11
2005-07-22,1143.95
2005-07-25,1143.33
2005-07-26,1146.69
2005-07-27,1153.86
2005-07-29,1145.2
2005-08-01,1155.21
2005-08-02,1173.76
2005-08-03,1178.54
2005-08-04,1183.46
2005-08-05,1189.6
2005-08-08,1174.63
2005-08-09,1169.75
2005-08-10,1188.4
2005-08-11,1200.77
2005-08-12,1200.09
2005-08-16,1210.56
2005-08-17,1223.56
2005-08-18,1219.2
2005-08-19,1217.58
2005-08-22,1216.27
2005-08-23,1193.62
2005-08-24,1188.09
2005-08-25,1194.28
2005-08-26,1208.15
2005-08-29,1204.01
2005-08-30,1222.78
2005-08-31,1236.98
2005-09-01,1246.38
2005-09-02,1252.17
2005-09-05,1256.67
2005-09-06,1259.38
2005-09-08,1272.22
2005-09-09,1270.75
2005-09-12,1281.89
2005-09-13,1289.56
2005-09-14,1281.28
2005-09-15,1299.48
2005-09-16,1310.46
2005-09-19,1316.77
2005-09-20,1329.84
2005-09-21,1311.53
2005-09-22,1247.78
2005-09-23,1259.42
2005-09-26,1299.53
2005-09-27,1306.11
2005-09-28,1314.07
2005-09-29,1309.38
2005-09-30,1305.07
2005-10-03,1323.01
2005-10-04,1342.8
2005-10-05,1335.09
2005-10-06,1317.71
2005-10-07,1317.89
2005-10-10,1310.67
2005-10-11,1312.18
2005-10-13,1294.3
2005-10-14,1269.14
2005-10-17,1248.14
2005-10-18,1240.9
2005-10-19,1213.11
2005-10-20,1201.19
2005-10-21,1222.27
2005-10-24,1212.45
2005-10-25,1214.19
2005-10-26,1210.15
2005-10-27,1184.63
2005-10-28,1168.15
2005-10-31,1189.15
2005-11-01,1198.84
2005-11-02,1209.16
2005-11-07,1232.18
2005-11-08,1250.56
2005-11-09,1246.94
2005-11-10,1257.79
2005-11-11,1279.56
2005-11-14,1280.72
2005-11-16,1290.2
2005-11-17,1297.31
2005-11-18,1297.96
2005-11-21,1291.05
2005-11-22,1281.12
2005-11-23,1289.92
2005-11-24,1300.78
2005-11-25,1318.52
2005-11-26,1327.15
2005-11-28,1333.22
2005-11-29,1329.45
2005-11-30,1315.85
2005-12-01,1336.93
2005-12-02,1340.84
2005-12-05,1328.42
2005-12-06,1324.57
2005-12-07,1336.42
2005-12-08,1336.68
2005-12-09,1354.92
2005-12-12,1358.69
2005-12-13,1368.31
2005-12-14,1372.42
2005-12-15,1358.37
2005-12-16,1371.04
2005-12-19,1390.78
2005-12-20,1380.86
2005-12-21,1380.12
2005-12-22,1383.31
2005-12-23,1370.63
2005-12-26,1339.5
2005-12-27,1363.78
2005-12-28,1360.35
2005-12-29,1367.9
2005-12-30,1381.61
2006-01-02,1391.32
2006-01-03,1411.79
2006-01-04,1422.0
2006-01-05,1425.47
2006-01-06,1434.21
2006-01-09,1438.03
2006-01-10,1420.63
2006-01-12,1413.42
2006-01-13,1410.5
2006-01-16,1404.79
2006-01-17,1391.31
2006-01-18,1389.31
2006-01-19,1415.68
2006-01-20,1430.81
2006-01-23,1420.95
2006-01-24,1430.92
2006-01-25,1436.84
2006-01-27,1451.7
2006-01-30,1442.73
2006-01-31,1447.2
2006-02-01,1431.3
2006-02-02,1434.43
2006-02-03,1432.53
2006-02-06,1452.38
2006-02-07,1460.86
2006-02-08,1452.62
2006-02-10,1462.42
2006-02-13,1474.11
2006-02-14,1470.87
2006-02-15,1477.12
2006-02-16,1481.89
2006-02-17,1469.76
2006-02-20,1470.31
2006-02-21,1483.33
2006-02-22,1491.07
2006-02-23,1495.28
2006-02-24,1493.15
2006-02-27,1503.71
2006-02-28,1502.86
2006-03-01,1528.62
2006-03-02,1529.92
2006-03-03,1529.52
2006-03-06,1549.84
2006-03-07,1552.09
2006-03-08,1528.65
2006-03-09,1532.56
2006-03-10,1558.57
2006-03-13,1564.61
2006-03-14,1554.43
2006-03-16,1564.62
2006-03-17,1568.54
2006-03-20,1578.98
2006-03-21,1574.56
2006-03-22,1568.86
2006-03-23,1572.09
2006-03-24,1583.79
2006-03-27,1594.99
2006-03-28,1584.84
2006-03-29,1595.11
2006-03-30,1616.75
2006-03-31,1631.61
2006-04-03,1672.39
2006-04-04,1682.85
2006-04-05,1704.86
2006-04-07,1684.73
2006-04-10,1700.35
2006-04-12,1659.28
2006-04-13,1641.06
2006-04-17,1681.38
2006-04-18,1719.09
2006-04-19,1717.53
2006-04-20,1737.78
2006-04-21,1742.65
2006-04-24,1738.09
2006-04-25,1706.34
2006-04-26,1732.58
2006-04-27,1722.32
2006-04-28,1722.1
2006-04-29,1750.7
2006-05-02,1773.29
2006-05-03,1784.77
2006-05-04,1788.36
2006-05-05,1792.55
2006-05-08,1806.57
2006-05-09,1810.38
2006-05-10,1814.8
2006-05-11,1801.77
2006-05-12,1785.43
2006-05-15,1715.46
2006-05-16,1708.66
2006-05-17,1758.65
2006-05-18,1643.7
2006-05-19,1583.37
2006-05-22,1498.75
2006-05-23,1542.9
2006-05-24,1533.27
2006-05-25,1541.19
2006-05-26,1570.71
2006-05-29,1574.71
2006-05-30,1560.88
2006-05-31,1516.87
2006-06-01,1470.29
2006-06-02,1497.65
2006-06-05,1466.65
2006-06-06,1417.34
2006-06-07,1362.13
2006-06-08,1279.5
2006-06-09,1354.43
2006-06-12,1321.11
2006-06-13,1252.96
2006-06-14,1228.87
2006-06-15,1298.98
2006-06-16,1347.61
2006-06-19,1373.4
2006-06-20,1363.59
2006-06-21,1395.27
2006-06-22,1421.71
2006-06-23,1433.66
2006-06-25,1441.79
2006-06-26,1388.35
2006-06-27,1391.93
2006-06-28,1390.61
2006-06-29,1392.98
2006-06-30,1439.84
2006-07-03,1440.61
2006-07-04,1441.74
2006-07-05,1467.98
2006-07-06,1454.93
2006-07-07,1419.57
2006-07-10,1441.34
2006-07-11,1438.37
2006-07-12,1457.48
2006-07-13,1455.42
2006-07-14,1440.45
2006-07-17,1400.45
2006-07-18,1386.89
2006-07-19,1351.5
2006-07-20,1386.37
2006-07-21,1354.5
2006-07-24,1357.36
2006-07-25,1384.32
2006-07-26,1417.77
2006-07-27,1431.37
2006-07-28,1432.95
2006-07-31,1437.31
2006-08-01,1433.88
2006-08-02,1454.16
2006-08-03,1455.83
2006-08-04,1452.4
2006-08-07,1446.81
2006-08-08,1460.45
2006-08-09,1475.03
2006-08-10,1488.9
2006-08-11,1498.37
2006-08-14,1518.36
2006-08-16,1535.08
2006-08-17,1530.01
2006-08-18,1534.7
2006-08-21,1540.25
2006-08-22,1539.1
2006-08-23,1523.29
2006-08-24,1533.5
2006-08-25,1543.09
2006-08-28,1548.01
2006-08-29,1552.7
2006-08-30,1551.71
2006-08-31,1538.65
2006-09-01,1552.85
2006-09-04,1570.95
2006-09-05,1575.67
2006-09-06,1585.08
2006-09-07,1575.42
2006-09-08,1585.11
2006-09-11,1536.96
2006-09-12,1540.97
2006-09-13,1564.07
2006-09-14,1570.2
2006-09-15,1577.29
2006-09-18,1589.99
2006-09-19,1575.66
2006-09-20,1585.65
2006-09-21,1603.76
2006-09-22,1595.32
2006-09-25,1589.14
2006-09-26,1595.68
2006-09-27,1603.14
2006-09-28,1606.81
2006-09-29,1621.04
2006-10-03,1622.79
2006-10-04,1603.45
2006-10-05,1631.6
2006-10-06,1638.27
2006-10-09,1640.39
2006-10-10,1638.61
2006-10-11,1635.22
2006-10-12,1655.66
2006-10-13,1665.67
2006-10-16,1676.49
2006-10-17,1664.99
2006-10-18,1666.09
2006-10-19,1659.43
2006-10-20,1664.19
2006-10-21,1677.94
2006-10-23,1672.68
2006-10-26,1686.65
2006-10-27,1700.69
2006-10-30,1705.27
2006-10-31,1696.93
2006-11-01,1709.43
2006-11-02,1714.83
2006-11-03,1715.47
2006-11-06,1723.97
2006-11-07,1720.59
2006-11-08,1707.27
2006-11-09,1716.92
2006-11-10,1720.84
2006-11-13,1746.41
2006-11-14,1743.05
2006-11-15,1734.58
2006-11-16,1739.6
2006-11-17,1722.4
2006-11-20,1709.83
2006-11-21,1733.01
2006-11-22,1740.21
2006-11-23,1748.56
2006-11-24,1754.66
2006-11-27,1759.71
2006-11-28,1738.84
2006-11-29,1750.89
2006-11-30,1753.85
2006-12-01,1776.57
2006-12-04,1784.4
2006-12-05,1789.59
2006-12-06,1778.72
2006-12-07,1783.64
2006-12-08,1776.28
2006-12-11,1725.73
2006-12-12,1659.77
2006-12-13,1689.42
2006-12-14,1728.5
2006-12-15,1748.22
2006-12-18,1754.53
2006-12-19,1721.69
2006-12-20,1718.95
2006-12-21,1732.77
2006-12-22,1745.93
2006-12-26,1769.75
2006-12-27,1788.55
2006-12-28,1795.95
2006-12-29,1810.98
2007-01-02,1831.23
2007-01-03,1859.09
2007-01-04,1852.31
2007-01-05,1858.07
2007-01-08,1841.81
2007-01-09,1822.37
2007-01-10,1799.22
2007-01-11,1841.12
2007-01-12,1880.59
2007-01-15,1889.53
2007-01-16,1890.12
2007-01-17,1902.66
2007-01-18,1907.43
2007-01-19,1892.98
2007-01-22,1884.29
2007-01-23,1868.28
2007-01-24,1882.03
2007-01-25,1909.33
2007-01-29,1911.11
2007-01-31,1899.81
2007-02-01,1922.73
2007-02-02,1936.84
2007-02-05,1947.49
2007-02-06,1952.36
2007-02-07,1964.37
2007-02-08,1951.33
2007-02-09,1917.57
2007-02-12,1850.98
2007-02-13,1846.1
2007-02-14,1860.53
2007-02-15,1904.06
2007-02-19,1913.91
2007-02-20,1892.57
2007-02-21,1888.9
2007-02-22,1860.77
2007-02-23,1813.01
2007-02-26,1817.85
2007-02-27,1808.32
2007-02-28,1739.07
2007-03-01,1745.93
2007-03-02,1712.59
2007-03-05,1626.23
2007-03-06,1650.52
2007-03-07,1624.51
2007-03-08,1678.12
2007-03-09,1670.54
2007-03-12,1677.49
2007-03-13,1692.58
2007-03-14,1646.83
2007-03-15,1659.52
2007-03-16,1643.14
2007-03-19,1664.74
2007-03-20,1681.13
2007-03-21,1698.29
2007-03-22,1728.01
2007-03-23,1726.53
2007-03-26,1711.53
2007-03-28,1689.46
2007-03-29,1692.95
2007-03-30,1713.91
2007-04-02,1653.93
2007-04-03,1673.03
2007-04-04,1694.23
2007-04-05,1707.78
2007-04-09,1744.05
2007-04-10,1757.13
2007-04-11,1760.5
2007-04-12,1749.34
2007-04-13,1779.13
2007-04-16,1821.27
2007-04-17,1811.96
2007-04-18,1824.14
2007-04-19,1821.26
2007-04-20,1845.95
2007-04-23,1842.93
2007-04-24,1856.93
2007-04-25,1884.4
2007-04-26,1893.72
2007-04-27,1867.16
2007-04-30,1875.28
2007-05-03,1904.54
2007-05-04,1901.49
2007-05-07,1893.46
2007-05-08,1865.45
2007-05-09,1870.72
2007-05-10,1872.43
2007-05-11,1876.37
2007-05-14,1899.77
2007-05-15,1911.15
2007-05-16,1923.22
2007-05-17,1937.13
2007-05-18,1940.05
2007-05-21,1952.6
2007-05-22,1955.74
2007-05-23,1942.57
2007-05-24,1941.16
2007-05-25,1951.14
2007-05-28,1964.68
2007-05-29,1971.75
2007-05-30,1944.93
2007-05-31,1957.43
2007-06-01,1974.69
2007-06-04,1963.06
2007-06-05,1963.95
2007-06-06,1929.67
2007-06-07,1922.37
2007-06-08,1909.69
2007-06-11,1908.47
2007-06-12,1907.79
2007-06-13,1896.24
2007-06-14,1922.83
2007-06-15,1921.36
2007-06-18,1906.57
2007-06-19,1925.89
2007-06-20,1940.75
2007-06-21,1949.21
2007-06-22,1948.65
2007-06-25,1943.82
2007-06-26,1948.31
2007-06-27,1945.65
2007-06-28,1960.93
2007-06-29,1999.72
2007-07-02,2005.92
2007-07-03,2015.81
2007-07-04,2017.71
2007-07-05,2001.86
2007-07-06,2010.98
2007-07-09,2024.07
2007-07-10,2017.44
2007-07-11,2019.63
2007-07-12,2052.75
2007-07-13,2060.1
2007-07-16,2059.26
2007-07-17,2048.49
2007-07-18,2047.67
2007-07-19,2072.56
2007-07-20,2063.88
2007-07-23,2079.11
2007-07-24,2075.03
2007-07-25,2055.63
2007-07-26,2074.69
2007-07-27,2012.05
2007-07-30,2013.7
2007-07-31,2047.45
2007-08-01,1966.37
2007-08-02,1970.29
2007-08-03,1995.1
2007-08-06,1974.95
2007-08-07,1979.44
2007-08-08,2026.76
2007-08-09,2000.23
2007-08-10,1978.97
2007-08-13,1999.4
2007-08-14,2002.99
2007-08-16,1932.79
2007-08-17,1913.32
2007-08-20,1961.46
2007-08-21,1893.13
2007-08-22,1929.91
2007-08-23,1907.53
2007-08-24,1941.87
2007-08-27,1992.68
2007-08-28,2005.42
2007-08-29,2023.39
2007-08-30,2037.27
2007-08-31,2080.98
2007-09-03,2103.03
2007-09-04,2117.21
2007-09-05,2115.13
2007-09-06,2131.85
2007-09-07,2128.61
2007-09-10,2141.41
2007-09-11,2152.32
2007-09-12,2166.89
2007-09-13,2182.87
2007-09-14,2154.86
2007-09-17,2150.77
2007-09-18,2175.99
2007-09-19,2221.29
2007-09-20,2232.29
2007-09-21,2251.38
2007-09-24,2293.68
2007-09-25,2322.64
2007-09-26,2330.79
2007-09-27,2344.64
2007-09-28,2393.5
2007-10-01,2431.0
2007-10-03,2453.13
2007-10-04,2469.93
2007-10-05,2441.23
2007-10-08,2343.58
2007-10-09,2445.74
2007-10-10,2469.4
2007-10-11,2499.82
2007-10-12,2460.46
2007-10-15,2533.24
2007-10-16,2542.98
2007-10-17,2469.88
2007-10-18,2382.85
2007-10-19,2305.54
2007-10-22,2311.93
2007-10-23,2428.8
2007-10-24,2452.05
2007-10-25,2457.78
2007-10-26,2507.55
2007-10-29,2558.98
2007-10-30,2562.75
2007-10-31,2591.44
2007-11-01,2526.43
2007-11-02,2558.08
2007-11-05,2540.86
2007-11-06,2541.55
2007-11-07,2530.88
2007-11-08,2510.23
2007-11-09,2502.63
2007-11-12,2486.81
2007-11-13,2526.97
2007-11-14,2609.06
2007-11-15,2643.03
2007-11-16,2698.62
2007-11-19,2713.42
2007-11-20,2683.16
2007-11-21,2547.31
2007-11-22,2517.92
2007-11-23,2577.86
2007-11-26,2612.89
2007-11-27,2605.5
2007-11-28,2590.25
2007-11-29,2569.4
2007-11-30,2632.77
2007-12-03,2714.71
2007-12-04,2750.31
2007-12-05,2789.24
2007-12-06,2800.8
2007-12-07,2810.66
2007-12-10,2841.61
2007-12-11,2862.82
2007-12-12,2892.11
2007-12-13,2883.89
2007-12-14,2898.3
2007-12-17,2771.71
2007-12-18,2777.53
2007-12-19,2779.55
2007-12-20,2774.87
2007-12-24,2858.98
2007-12-26,2907.26
2007-12-27,2901.85
2007-12-28,2944.25
2007-12-31,2989.77
2008-01-01,3009.88
2008-01-02,3048.37
2008-01-03,3055.7
2008-01-04,3079.71
2008-01-07,3078.97
2008-01-08,3026.55
2008-01-09,3027.19
2008-01-10,2932.55
2008-01-11,2923.9
2008-01-14,2950.64
2008-01-15,2893.72
2008-01-16,2835.01
2008-01-17,2837.07
2008-01-18,2716.17
2008-01-21,2425.87
2008-01-22,2248.05
2008-01-23,2409.38
2008-01-24,2334.44
2008-01-25,2506.77
2008-01-28,2478.94
2008-01-29,2485.85
2008-01-30,2436.49
2008-01-31,2423.78
2008-02-01,2486.29
2008-02-04,2565.53
2008-02-05,2582.77
2008-02-06,2526.83
2008-02-07,2458.09
2008-02-08,2434.83
2008-02-11,2322.15
2008-02-12,2305.33
2008-02-13,2327.8
2008-02-14,2433.96
2008-02-15,2476.03
2008-02-18,2487.91
2008-02-19,2488.08
2008-02-20,2437.11
2008-02-21,2466.24
2008-02-22,2435.0
2008-02-25,2456.68
2008-02-26,2488.88
2008-02-27,2486.62
2008-02-28,2494.38
2008-02-29,2491.56
2008-03-03,2398.67
2008-03-04,2359.56
2008-03-05,2378.75
2008-03-07,2292.6
2008-03-10,2295.41
2008-03-11,2332.46
2008-03-12,2321.91
2008-03-13,2209.37
2008-03-14,2252.74
2008-03-17,2113.67
2008-03-18,2102.97
2008-03-19,2102.24
2008-03-24,2103.16
2008-03-25,2214.83
2008-03-26,2225.44
2008-03-27,2232.31
2008-03-28,2305.75
2008-03-31,2236.28
2008-04-01,2232.74
2008-04-02,2245.53
2008-04-03,2262.08
2008-04-04,2222.5
2008-04-07,2272.8
2008-04-08,2272.48
2008-04-09,2296.83
2008-04-10,2291.94
2008-04-11,2305.87
2008-04-15,2356.83
2008-04-16,2383.75
2008-04-17,2436.93
2008-04-21,2468.36
2008-04-22,2465.58
2008-04-23,2468.32
2008-04-24,2453.31
2008-04-25,2486.17
2008-04-28,2474.34
2008-04-29,2534.63
2008-04-30,2522.55
2008-05-02,2564.21
2008-05-05,2555.38
2008-05-06,2535.07
2008-05-07,2521.29
2008-05-08,2506.77
2008-05-09,2460.44
2008-05-12,2465.95
2008-05-13,2464.43
2008-05-14,2514.45
2008-05-15,2543.71
2008-05-16,2568.02
2008-05-20,2543.29
2008-05-21,2552.68
2008-05-22,2515.62
2008-05-23,2482.16
2008-05-26,2437.8
2008-05-27,2431.44
2008-05-28,2482.1
2008-05-29,2463.16
2008-06-02,2420.97
2008-06-03,2411.99
2008-06-04,2330.7
2008-06-05,2369.59
2008-06-06,2340.37
2008-06-09,2269.12
2008-06-10,2258.87
2008-06-11,2294.06
2008-06-12,2299.5
2008-06-13,2296.54
2008-06-16,2313.4
2008-06-17,2351.29
2008-06-18,2326.61
2008-06-19,2287.21
2008-06-20,2219.55
2008-06-23,2166.67
2008-06-24,2129.62
2008-06-25,2145.2
2008-06-26,2161.88
2008-06-27,2068.0
2008-06-30,2018.11
2008-07-01,1938.53
2008-07-02,2017.08
2008-07-03,1947.01
2008-07-04,1991.96
2008-07-07,2029.81
2008-07-08,2024.04
2008-07-09,2100.09
2008-07-10,2109.84
2008-07-11,2045.69
2008-07-14,2025.04
2008-07-15,1946.6
2008-07-16,1924.18
2008-07-17,1971.12
2008-07-18,2010.91
2008-07-21,2021.65
2008-07-22,2059.96
2008-07-23,2169.72
2008-07-25,2127.51
2008-07-28,2151.63
2008-07-29,2092.65
2008-07-30,2141.37
2008-07-31,2126.24
2008-08-01,2167.24
2008-08-04,2194.66
2008-08-05,2241.49
2008-08-06,2226.99
2008-08-07,2238.61
2008-08-08,2241.07
2008-08-11,2271.69
2008-08-12,2246.17
2008-08-13,2242.52
2008-08-14,2199.13
2008-08-18,2175.04
2008-08-19,2164.57
2008-08-20,2182.16
2008-08-21,2123.78
2008-08-22,2132.77
2008-08-25,2135.94
2008-08-26,2141.89
2008-08-27,2126.26
2008-08-28,2088.21
2008-08-29,2160.72
2008-09-01,2159.24
2008-09-02,2209.88
2008-09-04,2198.17
2008-09-05,2159.17
2008-09-08,2193.56
2008-09-10,2159.11
2008-09-11,2126.27
2008-09-12,2089.61
2008-09-15,2015.34
2008-09-16,2002.37
2008-09-17,1959.96
2008-09-18,1951.49
2008-09-19,2014.61
2008-09-22,2016.38
2008-09-23,1978.24
2008-09-24,1985.7
2008-09-25,1956.16
2008-09-26,1905.54
2008-09-30,1868.04
2008-10-01,1883.73
2008-10-03,1834.97
2008-10-06,1734.71
2008-10-07,1721.08
2008-10-08,1645.54
2008-10-10,1528.22
2008-10-13,1627.98
2008-10-14,1649.25
2008-10-15,1560.25
2008-10-16,1557.11
2008-10-17,1493.84
2008-10-20,1508.97
2008-10-21,1561.52
2008-10-22,1493.53
2008-10-23,1428.07
2008-10-24,1295.06
2008-10-27,1258.93
2008-10-28,1329.61
2008-10-29,1345.2
2008-10-31,1403.06
2008-11-03,1464.25
2008-11-04,1494.45
2008-11-05,1465.2
2008-11-06,1416.8
2008-11-07,1451.11
2008-11-11,1437.74
2008-11-12,1410.62
2008-11-14,1387.88
2008-11-17,1366.56
2008-11-18,1321.43
2008-11-19,1303.01
2008-11-20,1265.46
2008-11-21,1298.94
2008-11-25,1293.56
2008-11-26,1321.24
2008-11-28,1328.91
2008-12-01,1306.3
2008-12-02,1304.37
2008-12-03,1311.41
2008-12-04,1359.63
2008-12-05,1335.31
2008-12-08,1349.92
2008-12-10,1395.23
2008-12-11,1391.79
2008-12-12,1399.21
2008-12-15,1434.52
2008-12-16,1462.97
2008-12-17,1424.41
2008-12-18,1476.45
2008-12-19,1495.01
2008-12-22,1480.41
2008-12-23,1449.06
2008-12-24,1437.5
2008-12-26,1409.48
2008-12-29,1430.0
2008-12-30,1459.46
2008-12-31,1454.02
2009-01-01,1496.72
2009-01-02,1520.5
2009-01-05,1559.19
2009-01-06,1565.69
2009-01-07,1466.55
2009-01-09,1440.61
2009-01-12,1404.75
2009-01-13,1392.98
2009-01-14,1432.83
2009-01-15,1397.29
2009-01-16,1422.1
2009-01-19,1416.94
2009-01-20,1405.13
2009-01-21,1371.58
2009-01-22,1351.85
2009-01-23,1326.32
2009-01-27,1357.15
2009-01-28,1388.26
2009-01-29,1386.32
2009-01-30,1407.27
2009-02-02,1366.1
2009-02-03,1365.85
2009-02-04,1363.69
2009-02-05,1346.85
2009-02-06,1378.2
2009-02-09,1411.52
2009-02-10,1416.68
2009-02-11,1415.84
2009-02-12,1499.18
2009-02-13,1521.79
2009-02-16,1473.76
2009-02-17,1433.44
2009-02-18,1427.11
2009-02-19,1426.98
2009-02-20,1399.77
2009-02-24,1388.42
2009-02-25,1399.4
2009-02-26,1392.99
2009-02-27,1380.45
2009-03-02,1342.49
2009-03-03,1318.2
2009-03-04,1325.2
2009-03-05,1297.7
2009-03-06,1306.59
2009-03-09,1280.93
2009-03-12,1295.13
2009-03-13,1341.55
2009-03-16,1375.57
2009-03-17,1371.22
2009-03-18,1390.16
2009-03-19,1399.01
2009-03-20,1399.91
2009-03-23,1447.45
2009-03-24,1434.53
2009-03-25,1445.43
2009-03-26,1488.46
2009-03-27,1524.08
2009-03-30,1472.18
2009-03-31,1497.67
2009-04-01,1527.37
2009-04-02,1590.56
2009-04-06,1626.01
2009-04-08,1672.96
2009-04-09,1689.46
2009-04-13,1736.87
2009-04-15,1797.52
2009-04-16,1721.96
2009-04-17,1739.38
2009-04-20,1765.41
2009-04-21,1750.48
2009-04-22,1725.14
2009-04-23,1769.12
2009-04-24,1803.74
2009-04-27,1803.71
2009-04-28,1748.0
2009-04-29,1802.2
2009-05-04,1898.06
2009-05-05,1921.15
2009-05-06,1895.64
2009-05-07,1943.4
2009-05-08,1906.01
2009-05-11,1883.22
2009-05-12,1942.26
2009-05-13,1926.04
2009-05-14,1916.09
2009-05-15,1954.57
2009-05-18,2244.06
2009-05-20,2316.03
2009-05-21,2303.48
2009-05-22,2337.87
2009-05-25,2377.52
2009-05-26,2312.02
2009-05-27,2400.08
2009-05-28,2412.26
2009-05-29,2470.31
2009-06-01,2547.81
2009-06-02,2560.36
2009-06-03,2594.06
2009-06-04,2618.55
2009-06-05,2620.44
2009-06-08,2515.74
2009-06-09,2600.71
2009-06-10,2648.88
2009-06-11,2655.49
2009-06-12,2621.06
2009-06-15,2577.53
2009-06-16,2634.36
2009-06-17,2538.19
2009-06-18,2468.36
2009-06-19,2517.84
2009-06-22,2490.36
2009-06-23,2485.9
2009-06-24,2532.28
2009-06-25,2509.83
2009-06-26,2569.3
2009-06-29,2588.42
2009-06-30,2515.74
2009-07-01,2535.88
2009-07-02,2542.38
2009-07-03,2570.52
2009-07-06,2445.52
2009-07-07,2461.54
2009-07-08,2400.19
2009-07-09,2399.32
2009-07-10,2354.95
2009-07-13,2294.29
2009-07-14,2395.58
2009-07-15,2477.32
2009-07-16,2483.8
2009-07-17,2563.8
2009-07-20,2644.44
2009-07-21,2631.45
2009-07-22,2590.75
2009-07-23,2661.55
2009-07-24,2709.11
2009-07-27,2752.6
2009-07-28,2773.43
2009-07-29,2753.02
2009-07-30,2766.89
2009-07-31,2796.78
2009-08-03,2846.83
2009-08-04,2832.75
2009-08-05,2853.97
2009-08-06,2784.14
2009-08-07,2723.49
2009-08-10,2690.59
2009-08-11,2718.64
2009-08-12,2701.53
2009-08-13,2801.96
2009-08-14,2800.0
2009-08-17,2689.63
2009-08-18,2742.57
2009-08-19,2709.04
2009-08-20,2745.1
2009-08-21,2791.36
2009-08-24,2850.77
2009-08-25,2874.59
2009-08-26,2908.17
2009-08-27,2916.69
2009-08-28,2932.73
2009-08-31,2912.58
2009-09-01,2873.25
2009-09-02,2856.14
2009-09-03,2861.88
2009-09-04,2904.81
2009-09-07,2965.34
2009-09-08,2957.52
2009-09-09,2948.91
2009-09-10,2943.65
2009-09-11,2963.23
2009-09-14,2977.01
2009-09-15,3024.27
2009-09-16,3054.91
2009-09-17,3060.55
2009-09-18,3078.45
2009-09-22,3099.66
2009-09-23,3053.47
2009-09-24,3069.7
2009-09-25,3067.43
2009-09-29,3088.83
2009-09-30,3126.08
2009-10-01,3135.86
2009-10-05,3081.89
2009-10-06,3086.51
2009-10-07,3098.97
2009-10-08,3121.93
2009-10-09,3089.43
2009-10-12,3138.43
2009-10-14,3194.4
2009-10-15,3200.51
2009-10-16,3208.5
2009-10-17,3224.93
2009-10-20,3251.11
2009-10-21,3222.04
2009-10-22,3165.93
2009-10-23,3212.43
2009-10-26,3171.0
2009-10-27,3056.14
2009-10-28,3053.39
2009-10-29,3010.59
2009-10-30,2998.96
2009-11-03,2870.45
2009-11-04,2962.12
2009-11-05,3014.13
2009-11-06,3059.99
2009-11-09,3133.07
2009-11-10,3128.99
2009-11-11,3214.72
2009-11-12,3201.46
2009-11-13,3216.24
2009-11-16,3246.83
2009-11-17,3258.76
2009-11-18,3261.15
2009-11-19,3213.02
2009-11-20,3250.96
2009-11-23,3270.28
2009-11-24,3281.58
2009-11-25,3299.53
2009-11-26,3260.86
2009-11-27,3222.29
2009-11-30,3285.22
2009-12-01,3349.24
2009-12-02,3354.76
2009-12-03,3389.3
2009-12-04,3382.95
2009-12-07,3343.34
2009-12-08,3397.14
2009-12-09,3381.12
2009-12-10,3399.19
2009-12-11,3375.03
2009-12-14,3366.7
2009-12-15,3326.6
2009-12-16,3355.54
2009-12-17,3384.88
2009-12-18,3362.81
2009-12-21,3350.53
2009-12-22,3376.17
2009-12-23,3451.4
2009-12-24,3478.64
2009-12-29,3487.24
2009-12-30,3491.96
2009-12-31,3496.17
2010-01-04,3555.76
2010-01-05,3617.5
2010-01-06,3622.2
2010-01-07,3623.26
2010-01-08,3608.65
2010-01-11,3628.02
2010-01-12,3602.67
2010-01-13,3637.19
2010-01-14,3668.8
2010-01-15,3672.89
2010-01-18,3697.14
2010-01-19,3662.68
2010-01-20,3648.81
2010-01-21,3576.15
2010-01-22,3538.86
2010-01-25,3503.61
2010-01-27,3363.04
2010-01-28,3373.76
2010-01-29,3384.16
2010-02-01,3435.91
2010-02-02,3395.1
2010-02-03,3451.69
2010-02-04,3382.78
2010-02-05,3288.82
2010-02-06,3330.42
2010-02-08,3329.43
2010-02-09,3345.54
2010-02-10,3318.49
2010-02-11,3362.52
2010-02-15,3355.57
2010-02-16,3391.71
2010-02-17,3424.39
2010-02-18,3416.34
2010-02-19,3375.57
2010-02-22,3367.56
2010-02-23,3366.41
2010-02-24,3354.94
2010-02-25,3339.29
2010-02-26,3374.13
2010-03-02,3445.57
2010-03-03,3499.74
2010-03-04,3517.0
2010-03-05,3526.82
2010-03-08,3542.24
2010-03-09,3521.44
2010-03-10,3518.32
2010-03-11,3520.69
2010-03-12,3524.69
2010-03-15,3500.35
2010-03-16,3536.6
2010-03-17,3556.16
2010-03-18,3558.6
2010-03-19,3563.4
2010-03-22,3533.39
2010-03-23,3539.98
2010-03-25,3540.64
2010-03-26,3558.7
2010-03-29,3580.25
2010-03-30,3571.39
2010-03-31,3560.38
2010-04-01,3593.65
2010-04-05,3643.65
2010-04-06,3654.97
2010-04-07,3651.16
2010-04-08,3623.31
2010-04-09,3643.78
2010-04-12,3631.63
2010-04-13,3636.94
2010-04-15,3623.57
2010-04-16,3600.35
2010-04-19,3571.96
2010-04-20,3587.44
2010-04-21,3617.43
2010-04-22,3613.82
2010-04-23,3624.34
2010-04-26,3661.38
2010-04-27,3652.55
2010-04-28,3585.16
2010-04-29,3618.04
2010-04-30,3653.63
2010-05-03,3626.16
2010-05-04,3556.86
2010-05-05,3558.24
2010-05-06,3529.36
2010-05-07,3457.2
2010-05-10,3553.78
2010-05-11,3527.32
2010-05-12,3527.92
2010-05-13,3557.64
2010-05-14,3524.67
2010-05-17,3516.8
2010-05-18,3531.06
2010-05-19,3429.26
2010-05-20,3433.03
2010-05-21,3417.7
2010-05-24,3421.84
2010-05-25,3325.95
2010-05-26,3375.07
2010-05-27,3424.89
2010-05-28,3488.35
2010-05-31,3543.16
2010-06-01,3482.64
2010-06-02,3505.92
2010-06-03,3547.4
2010-06-04,3560.34
2010-06-07,3501.33
2010-06-08,3468.37
2010-06-09,3496.32
2010-06-10,3544.77
2010-06-11,3552.74
2010-06-14,3598.98
2010-06-15,3613.42
2010-06-16,3621.21
2010-06-17,3636.06
2010-06-18,3619.57
2010-06-21,3674.04
2010-06-22,3666.93
2010-06-23,3695.31
2010-06-24,3692.91
2010-06-25,3675.93
2010-06-28,3728.58
2010-06-29,3685.92
2010-06-30,3704.51
2010-07-01,3688.36
2010-07-02,3681.05
2010-07-05,3692.78
2010-07-06,3732.44
2010-07-07,3719.67
2010-07-08,3759.04
2010-07-09,3783.86
2010-07-12,3792.35
2010-07-13,3803.4
2010-07-14,3775.31
2010-07-15,3771.94
2010-07-16,3796.59
2010-07-19,3783.84
2010-07-20,3771.97
2010-07-21,3787.72
2010-07-22,3810.1
2010-07-23,3795.96
2010-07-26,3770.92
2010-07-27,3776.26
2010-07-28,3759.83
2010-07-29,3747.15
2010-07-30,3736.02
2010-08-02,3773.2
2010-08-03,3785.56
2010-08-04,3786.59
2010-08-05,3774.53
2010-08-06,3773.52
2010-08-09,3808.91
2010-08-10,3785.34
2010-08-11,3759.95
2010-08-12,3768.67
2010-08-13,3814.93
2010-08-16,3798.32
2010-08-17,3801.02
2010-08-18,3847.91
2010-08-19,3883.52
2010-08-20,3852.12
2010-08-23,3887.84
2010-08-24,3861.46
2010-08-25,3836.34
2010-08-26,3848.06
2010-08-27,3805.71
2010-08-30,3808.67
2010-08-31,3789.26
2010-09-01,3853.36
2010-09-02,3866.04
2010-09-03,3882.36
2010-09-06,3928.19
2010-09-07,3944.68
2010-09-08,3939.72
2010-09-09,3961.08
2010-09-13,4004.32
2010-09-14,4014.62
2010-09-15,4033.2
2010-09-16,3993.54
2010-09-17,4039.75
2010-09-20,4090.84
2010-09-21,4069.66
2010-09-22,4062.83
2010-09-23,4061.7
2010-09-24,4098.49
2010-09-27,4113.88
2010-09-28,4116.07
2010-09-29,4080.67
2010-09-30,4070.69
2010-10-01,4135.64
2010-10-04,4145.38
2010-10-05,4170.17
2010-10-06,4217.98
2010-10-07,4188.35
2010-10-08,4161.08
2010-10-11,4197.38
2010-10-12,4176.65
2010-10-13,4242.65
2010-10-14,4234.22
2010-10-15,4163.85
2010-10-18,4142.53
2010-10-19,4138.1
2010-10-20,4117.93
2010-10-21,4193.78
2010-10-22,4187.79
2010-10-25,4219.47
2010-10-26,4202.05
2010-10-27,4179.47
2010-10-28,4172.64
2010-10-29,4157.08
2010-11-01,4244.9
2010-11-02,4266.0
2010-11-03,4283.62
2010-11-04,4327.6
2010-11-05,4348.6
2010-11-08,4352.21
2010-11-09,4383.13
2010-11-10,4397.28
2010-11-11,4342.41
2010-11-12,4225.71
2010-11-15,4240.92
2010-11-16,4131.37
2010-11-18,4131.31
2010-11-19,4053.56
2010-11-22,4104.37
2010-11-23,4072.16
2010-11-24,4034.87
2010-11-25,3969.87
2010-11-26,3894.1
2010-11-29,3947.06
2010-11-30,3969.3
2010-12-01,4072.76
2010-12-02,4099.03
2010-12-03,4053.76
2010-12-06,4041.84
2010-12-07,4012.21
2010-12-08,3947.52
2010-12-09,3805.75
2010-12-10,3879.38
2010-12-13,3935.24
2010-12-14,3970.65
2010-12-15,3929.95
2010-12-16,3951.28
2010-12-20,3939.63
2010-12-21,3970.71
2010-12-22,3970.36
2010-12-23,3963.96
2010-12-24,3983.09
2010-12-27,3974.6
2010-12-28,3982.28
2010-12-29,4015.85
2010-12-30,4043.13
2010-12-31,4079.5
2011-01-03,4112.67
2011-01-04,4091.85
2011-01-05,4038.32
2011-01-06,3992.03
2011-01-07,3889.89
2011-01-10,3798.95
2011-01-11,3796.25
2011-01-12,3872.35
2011-01-13,3810.67
2011-01-14,3758.29
2011-01-17,3739.14
2011-01-18,3786.33
2011-01-19,3791.12
2011-01-20,3808.67
2011-01-21,3798.55
2011-01-24,3831.17
2011-01-25,3810.01
2011-01-27,3737.26
2011-01-28,3640.24
2011-01-31,3636.64
2011-02-01,3558.81
2011-02-02,3568.72
2011-02-03,3630.87
2011-02-04,3562.62
2011-02-07,3566.14
2011-02-08,3476.0
2011-02-09,3379.02
2011-02-10,3407.5
2011-02-11,3476.24
2011-02-14,3589.37
2011-02-15,3613.25
2011-02-16,3625.16
2011-02-17,3665.15
2011-02-18,3588.0
2011-02-21,3622.83
2011-02-22,3582.25
2011-02-23,3556.48
2011-02-24,3428.87
2011-02-25,3450.29
2011-02-28,3461.21
2011-03-01,3592.72
2011-03-03,3595.69
2011-03-04,3601.77
2011-03-07,3554.73
2011-03-08,3597.66
2011-03-09,3617.76
2011-03-10,3594.74
2011-03-11,3548.37
2011-03-14,3601.37
2011-03-15,3540.31
2011-03-16,3591.56
2011-03-17,3569.08
2011-03-18,3522.9
2011-03-21,3515.42
2011-03-22,3548.98
2011-03-23,3591.52
2011-03-24,3629.83
2011-03-25,3711.08
2011-03-28,3732.28
2011-03-29,3770.15
2011-03-30,3829.8
2011-03-31,3834.21
2011-04-01,3855.97
2011-04-04,3910.96
2011-04-05,3930.48
2011-04-06,3926.83
2011-04-07,3951.87
2011-04-08,3897.81
2011-04-11,3858.59
2011-04-13,3943.58
2011-04-15,3919.45
2011-04-18,3860.49
2011-04-19,3876.31
2011-04-20,3951.34
2011-04-21,3953.47
2011-04-25,3955.8
2011-04-26,3945.78
2011-04-27,3924.22
2011-04-28,3888.35
2011-04-29,3842.86
2011-05-02,3814.55
2011-05-03,3721.38
2011-05-04,3691.73
2011-05-05,3649.96
2011-05-06,3718.96
2011-05-09,3720.26
2011-05-10,3715.73
2011-05-11,3741.63
2011-05-12,3695.04
2011-05-13,3739.49
2011-05-16,3704.57
2011-05-17,3682.69
2011-05-18,3658.46
2011-05-19,3647.09
2011-05-20,3676.99
2011-05-23,3605.83
2011-05-24,3614.88
2011-05-25,3594.26
2011-05-26,3620.89
2011-05-27,3679.2
2011-05-30,3686.82
2011-05-31,3756.68
2011-06-01,3772.19
2011-06-02,3740.64
2011-06-03,3721.04
2011-06-06,3728.21
2011-06-07,3739.54
2011-06-08,3728.68
2011-06-09,3721.75
2011-06-10,3696.33
2011-06-13,3706.0
2011-06-14,3720.66
2011-06-15,3683.22
2011-06-16,3644.91
2011-06-17,3627.15
2011-06-20,3554.61
2011-06-21,3551.14
2011-06-22,3537.62
2011-06-23,3569.13
2011-06-24,3667.65
2011-06-27,3709.2
2011-06-28,3716.67
2011-06-29,3746.3
2011-06-30,3774.62
2011-07-01,3772.45
2011-07-04,3803.99
2011-07-05,3797.96
2011-07-06,3795.19
2011-07-07,3854.05
2011-07-08,3798.85
2011-07-11,3769.79
2011-07-12,3709.7
2011-07-13,3758.76
2011-07-14,3773.37
2011-07-15,3762.96
2011-07-18,3762.96
2011-07-19,3780.61
2011-07-20,3733.71
2011-07-21,3705.45
2011-07-22,3767.99
2011-07-25,3800.24
2011-07-26,3729.83
2011-07-27,3724.9
2011-07-28,3689.16
2011-07-29,3664.9
2011-08-01,3664.25
2011-08-02,3622.22
2011-08-03,3599.94
2011-08-04,3555.42
2011-08-05,3469.88
2011-08-08,3431.1
2011-08-09,3386.53
2011-08-10,3466.76
2011-08-11,3451.45
2011-08-12,3416.65
2011-08-16,3379.78
2011-08-17,3366.52
2011-08-18,3290.98
2011-08-19,3250.22
2011-08-22,3291.07
2011-08-23,3328.8
2011-08-24,3292.71
2011-08-25,3257.79
2011-08-26,3172.74
2011-08-29,3285.62
2011-08-30,3349.45
2011-09-02,3381.45
2011-09-05,3388.74
2011-09-06,3412.64
2011-09-07,3454.3
2011-09-08,3475.02
2011-09-09,3422.04
2011-09-12,3344.1
2011-09-13,3345.34
2011-09-14,3386.73
2011-09-15,3425.36
2011-09-16,3419.42
2011-09-19,3409.65
2011-09-20,3470.97
2011-09-21,3474.54
2011-09-22,3332.44
2011-09-23,3298.25
2011-09-26,3255.14
2011-09-27,3334.49
2011-09-28,3306.06
2011-09-29,3337.84
2011-09-30,3295.19
2011-10-03,3225.51
2011-10-04,3173.47
2011-10-05,3156.84
2011-10-07,3232.47
2011-10-10,3297.65
2011-10-11,3309.48
2011-10-12,3379.91
2011-10-13,3373.57
2011-10-14,3404.17
2011-10-17,3398.03
2011-10-18,3329.38
2011-10-19,3383.15
2011-10-20,3352.41
2011-10-21,3326.02
2011-10-24,3351.37
2011-10-25,3413.65
2011-10-26,3427.93
2011-10-28,3534.04
2011-10-31,3517.25
2011-11-01,3471.97
2011-11-02,3478.75
2011-11-03,3496.19
2011-11-04,3513.93
2011-11-08,3507.3
2011-11-09,3456.99
2011-11-11,3436.45
2011-11-14,3400.01
2011-11-15,3326.61
2011-11-16,3303.22
2011-11-17,3239.3
2011-11-18,3218.5
2011-11-21,3142.36
2011-11-22,3151.9
2011-11-23,3085.08
2011-11-24,3127.14
2011-11-25,3114.74
2011-11-28,3207.66
2011-11-29,3175.08
2011-11-30,3178.09
2011-12-01,3244.65
2011-12-02,3332.67
2011-12-05,3328.6
2011-12-07,3336.92
2011-12-08,3271.83
2011-12-09,3230.68
2011-12-12,3154.52
2011-12-13,3165.51
2011-12-14,3118.52
2011-12-15,3112.86
2011-12-16,3052.93
2011-12-19,3009.3
2011-12-20,2926.24
2011-12-21,3009.13
2011-12-22,3038.99
2011-12-23,3018.09
2011-12-26,3058.15
2011-12-27,3032.78
2011-12-28,3005.06
2011-12-29,2977.58
2011-12-30,2965.21
2012-01-02,2963.67
2012-01-03,3062.14
2012-01-04,3060.2
2012-01-05,3066.64
2012-01-06,3059.85
2012-01-07,3070.75
2012-01-09,3081.76
2012-01-10,3174.13
2012-01-11,3204.23
2012-01-12,3218.48
2012-01-13,3254.75
2012-01-16,3257.23
2012-01-17,3329.45
2012-01-18,3285.07
2012-01-19,3362.76
2012-01-20,3375.75
2012-01-23,3376.48
2012-01-24,3446.55
2012-01-25,3493.59
2012-01-27,3523.54
2012-01-30,3429.63
2012-01-31,3519.12
2012-02-01,3576.18
2012-02-02,3599.75
2012-02-03,3642.94
2012-02-06,3676.58
2012-02-07,3633.23
2012-02-08,3684.58
2012-02-09,3733.66
2012-02-10,3709.86
2012-02-13,3731.75
2012-02-14,3785.71
2012-02-15,3865.96
2012-02-16,3897.52
2012-02-17,3937.38
2012-02-21,3974.92
2012-02-22,3820.93
2012-02-23,3804.47
2012-02-24,3772.8
2012-02-27,3612.69
2012-02-28,3741.26
2012-02-29,3762.12
2012-03-01,3737.23
2012-03-02,3752.5
2012-03-03,3753.84
2012-03-05,3691.32
2012-03-06,3626.05
2012-03-07,3614.22
2012-03-09,3722.22
2012-03-12,3751.87
2012-03-13,3808.68
2012-03-14,3824.37
2012-03-15,3738.3
2012-03-16,3688.54
2012-03-19,3645.3
2012-03-20,3666.97
2012-03-21,3754.85
2012-03-22,3629.89
2012-03-23,3669.73
2012-03-26,3591.95
2012-03-27,3618.45
2012-03-28,3566.43
2012-03-29,3568.96
2012-03-30,3666.23
2012-04-02,3704.4
2012-04-03,3733.29
2012-04-04,3717.36
2012-04-09,3640.52
2012-04-10,3641.24
2012-04-11,3605.73
2012-04-12,3638.82
2012-04-13,3590.53
2012-04-16,3610.23
2012-04-17,3653.1
2012-04-18,3668.21
2012-04-19,3667.51
2012-04-20,3626.55
2012-04-23,3541.8
2012-04-24,3549.3
2012-04-25,3519.53
2012-04-26,3487.21
2012-04-27,3473.22
2012-04-28,3497.23
2012-04-30,3521.89
2012-05-02,3506.3
2012-05-03,3459.69
2012-05-04,3387.67
2012-05-07,3430.24
2012-05-08,3350.11
2012-05-09,3312.72
2012-05-10,3317.71
2012-05-11,3287.92
2012-05-14,3259.65
2012-05-15,3278.58
2012-05-16,3221.58
2012-05-17,3211.28
2012-05-18,3203.01
2012-05-21,3234.86
2012-05-22,3198.03
2012-05-23,3174.93
2012-05-24,3222.7
2012-05-25,3231.97
2012-05-28,3280.84
2012-05-29,3282.79
2012-05-30,3246.19
2012-05-31,3226.81
2012-06-01,3167.02
2012-06-04,3167.1
2012-06-05,3175.98
2012-06-06,3272.73
2012-06-07,3311.52
2012-06-08,3327.69
2012-06-11,3316.28
2012-06-12,3365.5
2012-06-13,3357.47
2012-06-14,3300.0
2012-06-15,3354.85
2012-06-18,3300.83
2012-06-19,3313.63
2012-06-20,3347.26
2012-06-21,3383.1
2012-06-22,3370.63
2012-06-25,3355.1
2012-06-26,3358.69
2012-06-27,3383.16
2012-06-28,3380.86
2012-06-29,3474.93
2012-07-02,3496.33
2012-07-03,3521.77
2012-07-04,3542.1
2012-07-05,3574.34
2012-07-06,3561.18
2012-07-09,3505.41
2012-07-10,3554.32
2012-07-11,3524.63
2012-07-12,3482.42
2012-07-13,3466.99
2012-07-16,3443.58
2012-07-17,3420.55
2012-07-18,3441.93
2012-07-19,3457.32
2012-07-20,3442.5
2012-07-23,3358.22
2012-07-24,3370.89
2012-07-25,3340.8
2012-07-26,3283.48
2012-07-27,3303.04
2012-07-30,3378.27
2012-07-31,3379.08
2012-08-01,3393.75
2012-08-02,3395.94
2012-08-03,3379.44
2012-08-06,3410.29
2012-08-07,3445.25
2012-08-08,3435.51
2012-08-09,3434.32
2012-08-10,3428.06
2012-08-13,3459.35
2012-08-14,3473.03
2012-08-16,3462.71
2012-08-17,3450.8
2012-08-21,3485.63
2012-08-22,3470.77
2012-08-23,3466.16
2012-08-24,3444.33
2012-08-27,3397.74
2012-08-28,3357.56
2012-08-29,3318.47
2012-08-30,3320.66
2012-08-31,3291.94
2012-09-03,3292.56
2012-09-04,3316.62
2012-09-05,3284.04
2012-09-06,3291.09
2012-09-07,3353.1
2012-09-08,3366.18
2012-09-10,3372.56
2012-09-11,3382.47
2012-09-12,3406.83
2012-09-13,3401.23
2012-09-14,3483.56
2012-09-17,3551.7
2012-09-18,3563.53
2012-09-20,3519.41
2012-09-21,3623.11
2012-09-24,3648.01
2012-09-25,3651.72
2012-09-26,3641.64
2012-09-27,3650.09
2012-09-28,3691.37
2012-10-01,3721.63
2012-10-03,3743.36
2012-10-04,3775.32
2012-10-05,3749.5
2012-10-08,3701.2
2012-10-09,3723.48
2012-10-10,3669.5
2012-10-11,3726.32
2012-10-12,3714.32
2012-10-15,3705.93
2012-10-16,3657.69
2012-10-17,3656.45
2012-10-18,3699.85
2012-10-19,3666.51
2012-10-22,3677.28
2012-10-23,3660.25
2012-10-25,3660.54
2012-10-26,3628.88
2012-10-29,3631.99
2012-10-30,3585.43
2012-10-31,3606.42
2012-11-01,3653.94
2012-11-02,3684.29
2012-11-05,3677.84
2012-11-06,3680.66
2012-11-07,3712.19
2012-11-08,3700.82
2012-11-09,3663.63
2012-11-12,3663.49
2012-11-13,3658.83
2012-11-15,3636.9
2012-11-16,3594.88
2012-11-19,3577.14
2012-11-20,3567.16
2012-11-21,3586.39
2012-11-22,3597.38
2012-11-23,3597.09
2012-11-26,3618.8
2012-11-27,3665.72
2012-11-29,3722.39
2012-11-30,3772.54
2012-12-03,3794.52
2012-12-04,3801.25
2012-12-05,3812.82
2012-12-06,3845.47
2012-12-07,3819.36
2012-12-10,3825.39
2012-12-11,3801.18
2012-12-12,3800.1
2012-12-13,3761.2
2012-12-14,3791.78
2012-12-17,3803.08
2012-12-18,3832.66
2012-12-19,3871.48
2012-12-20,3859.95
2012-12-21,3799.26
2012-12-24,3818.72
2012-12-26,3840.89
2012-12-27,3817.64
2012-12-28,3845.31
2012-12-31,3852.79
2013-01-01,3898.33
2013-01-02,3932.51
2013-01-03,3952.53
2013-01-04,3961.05
2013-01-07,3964.83
2013-01-08,3964.26
2013-01-09,3951.16
2013-01-10,3939.31
2013-01-11,3905.79
2013-01-14,3957.74
2013-01-15,3978.72
2013-01-16,3930.86
2013-01-17,3954.01
2013-01-18,3947.8
2013-01-21,3966.24
2013-01-22,3928.92
2013-01-23,3910.2
2013-01-24,3849.43
2013-01-25,3904.43
2013-01-28,3916.93
2013-01-29,3888.14
2013-01-30,3894.73
2013-01-31,3891.52
2013-02-01,3886.22
2013-02-04,3858.96
2013-02-05,3827.69
2013-02-06,3836.65
2013-02-07,3811.07
2013-02-08,3779.75
2013-02-11,3770.81
2013-02-12,3773.94
2013-02-13,3758.94
2013-02-14,3717.93
2013-02-15,3722.18
2013-02-18,3735.08
2013-02-19,3774.89
2013-02-20,3781.05
2013-02-21,3710.58
2013-02-22,3718.51
2013-02-25,3717.19
2013-02-26,3656.85
2013-02-27,3682.03
2013-02-28,3594.86
2013-03-01,3626.37
2013-03-04,3595.24
2013-03-05,3661.9
2013-03-06,3689.85
2013-03-07,3714.94
2013-03-08,3753.44
2013-03-11,3749.06
2013-03-12,3719.96
2013-03-13,3680.62
2013-03-14,3715.66
2013-03-15,3702.64
2013-03-18,3666.54
2013-03-19,3595.02
2013-03-20,3533.45
2013-03-21,3494.76
2013-03-22,3504.47
2013-03-25,3494.09
2013-03-26,3486.78
2013-03-28,3524.37
2013-04-01,3547.88
2013-04-02,3591.82
2013-04-03,3528.56
2013-04-04,3465.62
2013-04-05,3474.25
2013-04-08,3477.69
2013-04-09,3447.22
2013-04-10,3488.68
2013-04-11,3496.0
2013-04-12,3486.21
2013-04-15,3486.89
2013-04-16,3565.69
2013-04-17,3571.88
2013-04-18,3626.53
2013-04-22,3658.9
2013-04-23,3655.31
2013-04-25,3697.59
2013-04-26,3661.37
2013-04-29,3710.21
2013-04-30,3718.12
2013-05-02,3758.55
2013-05-03,3738.36
2013-05-06,3772.84
2013-05-07,3812.76
2013-05-08,3798.01
2013-05-09,3783.07
2013-05-10,3814.15
2013-05-11,3823.01
2013-05-13,3738.73
2013-05-14,3742.87
2013-05-15,3829.55
2013-05-16,3855.9
2013-05-17,3866.92
2013-05-20,3837.7
2013-05-21,3798.56
2013-05-22,3781.68
2013-05-23,3678.14
2013-05-24,3705.2
2013-05-27,3761.08
2013-05-28,3776.57
2013-05-29,3759.65
2013-05-30,3755.68
2013-05-31,3680.75
2013-06-03,3658.99
2013-06-04,3653.2
2013-06-05,3649.09
2013-06-06,3655.06
2013-06-07,3626.12
2013-06-10,3595.64
2013-06-11,3535.03
2013-06-12,3500.37
2013-06-13,3446.56
2013-06-14,3516.67
2013-06-17,3540.83
2013-06-18,3525.16
2013-06-19,3541.65
2013-06-20,3435.33
2013-06-21,3421.32
2013-06-24,3356.66
2013-06-25,3368.28
2013-06-26,3355.85
2013-06-27,3392.82
2013-06-28,3487.68
2013-07-01,3548.34
2013-07-02,3537.47
2013-07-03,3459.31
2013-07-04,3495.08
2013-07-05,3506.9
2013-07-08,3494.26
2013-07-09,3536.37
2013-07-10,3517.71
2013-07-11,3575.87
2013-07-12,3612.86
2013-07-15,3633.49
2013-07-16,3567.29
2013-07-17,3561.51
2013-07-18,3596.7
2013-07-19,3590.04
2013-07-22,3589.56
2013-07-23,3626.92
2013-07-24,3550.41
2013-07-25,3498.25
2013-07-26,3477.64
2013-07-29,3442.12
2013-07-30,3369.79
2013-07-31,3375.14
2013-08-01,3345.31
2013-08-02,3309.47
2013-08-05,3328.37
2013-08-06,3244.48
2013-08-07,3265.77
2013-08-08,3310.79
2013-08-12,3348.21
2013-08-13,3408.79
2013-08-14,3434.4
2013-08-16,3288.69
2013-08-19,3240.25
2013-08-20,3242.83
2013-08-21,3170.98
2013-08-22,3259.68
2013-08-23,3307.15
2013-08-26,3324.39
2013-08-27,3211.62
2013-08-28,3223.43
2013-08-29,3305.83
2013-08-30,3333.43
2013-09-02,3378.38
2013-09-03,3257.37
2013-09-04,3322.39
2013-09-05,3391.84
2013-09-06,3429.57
2013-09-10,3545.2
2013-09-11,3577.1
2013-09-12,3525.67
2013-09-13,3545.64
2013-09-16,3511.52
2013-09-17,3535.5
2013-09-18,3555.42
2013-09-19,3692.61
2013-09-20,3658.34
2013-09-23,3601.47
2013-09-24,3603.3
2013-09-25,3600.39
2013-09-26,3597.7
2013-09-27,3566.01
2013-09-30,3511.05
2013-10-01,3537.73
2013-10-03,3632.76
